// SPDX-License-Identifier: LGPL-2.1-or-later
/* Generated file, do not touch */

#include <text/gp_font.h>

static uint8_t font_glyphs[] = {
	/* ' ' */	  0,  0,  0,  0,  6,
			  0x00, 0x00, 0x00,
	/* '!' */	  1,  5,  2,  5,  6,
			  0x80, 0x80, 0x80, 0x00, 0x80, 0x00, 0x00,
	/* '"' */	  3,  2,  1,  5,  6,
			  0xa0, 0xa0, 0x00,
	/* '#' */	  5,  5,  0,  5,  6,
			  0x50, 0xf8, 0x50, 0xf8, 0x50, 0x00, 0x00,
	/* '$' */	  3,  5,  1,  5,  6,
			  0x40, 0x60, 0xc0, 0x60, 0xc0, 0x00, 0x00,
	/* '%' */	  5,  5,  0,  5,  6,
			  0xd0, 0x90, 0x20, 0x48, 0x58, 0x00, 0x00,
	/* '&' */	  4,  5,  0,  5,  6,
			  0x60, 0x90, 0x40, 0xa0, 0xd0, 0x00, 0x00,
	/* ''' */	  1,  2,  2,  5,  6,
			  0x80, 0x80, 0x00,
	/* '(' */	  2,  5,  1,  5,  6,
			  0x40, 0x80, 0x80, 0x80, 0x40, 0x00, 0x00,
	/* ')' */	  2,  5,  1,  5,  6,
			  0x80, 0x40, 0x40, 0x40, 0x80, 0x00, 0x00,
	/* '*' */	  3,  3,  0,  4,  6,
			  0xa0, 0x40, 0xa0,
	/* '+' */	  3,  3,  0,  4,  6,
			  0x40, 0xe0, 0x40,
	/* ',' */	  4,  2,  0,  1,  6,
			  0x30, 0x10, 0x00,
	/* '-' */	  3,  1,  0,  3,  6,
			  0xe0, 0x00, 0x00,
	/* '.' */	  3,  1,  0,  1,  6,
			  0x20, 0x00, 0x00,
	/* '/' */	  4,  5,  0,  5,  6,
			  0x10, 0x10, 0x20, 0x40, 0x40, 0x00, 0x00,
	/* '0' */	  4,  5,  0,  5,  6,
			  0x60, 0xb0, 0x90, 0xd0, 0x60, 0x00, 0x00,
	/* '1' */	  3,  5,  1,  5,  6,
			  0x40, 0xc0, 0x40, 0x40, 0xe0, 0x00, 0x00,
	/* '2' */	  4,  5,  0,  5,  6,
			  0xe0, 0x10, 0x60, 0x80, 0xf0, 0x00, 0x00,
	/* '3' */	  4,  5,  0,  5,  6,
			  0xe0, 0x10, 0x60, 0x10, 0xe0, 0x00, 0x00,
	/* '4' */	  4,  5,  0,  5,  6,
			  0x20, 0x60, 0xa0, 0xf0, 0x20, 0x00, 0x00,
	/* '5' */	  4,  5,  0,  5,  6,
			  0xf0, 0x80, 0xe0, 0x10, 0xe0, 0x00, 0x00,
	/* '6' */	  4,  5,  0,  5,  6,
			  0x60, 0x80, 0xe0, 0x90, 0x60, 0x00, 0x00,
	/* '7' */	  4,  5,  0,  5,  6,
			  0xf0, 0x10, 0x20, 0x40, 0x40, 0x00, 0x00,
	/* '8' */	  4,  5,  0,  5,  6,
			  0x60, 0x90, 0x60, 0x90, 0x60, 0x00, 0x00,
	/* '9' */	  4,  5,  0,  5,  6,
			  0x60, 0x90, 0x70, 0x10, 0x60, 0x00, 0x00,
	/* ':' */	  1,  3,  2,  4,  6,
			  0x80, 0x00, 0x80,
	/* ';' */	  1,  4,  2,  4,  6,
			  0x80, 0x00, 0x80, 0x80, 0x00, 0x00, 0x00,
	/* '<' */	  4,  5,  0,  5,  6,
			  0x10, 0x20, 0x40, 0x20, 0x10, 0x00, 0x00,
	/* '=' */	  4,  3,  1,  4,  6,
			  0xf0, 0x00, 0xf0,
	/* '>' */	  4,  5,  0,  5,  6,
			  0x40, 0x20, 0x10, 0x20, 0x40, 0x00, 0x00,
	/* '?' */	  4,  5,  0,  5,  6,
			  0xe0, 0x10, 0x60, 0x00, 0x40, 0x00, 0x00,
	/* '@' */	  4,  5,  0,  5,  6,
			  0x60, 0x90, 0xb0, 0x80, 0x70, 0x00, 0x00,
	/* 'A' */	  4,  5,  0,  5,  6,
			  0x60, 0x90, 0xf0, 0x90, 0x90, 0x00, 0x00,
	/* 'B' */	  4,  5,  0,  5,  6,
			  0xe0, 0x90, 0xe0, 0x90, 0xe0, 0x00, 0x00,
	/* 'C' */	  4,  5,  0,  5,  6,
			  0x60, 0x90, 0x80, 0x90, 0x60, 0x00, 0x00,
	/* 'D' */	  4,  5,  0,  5,  6,
			  0xe0, 0x90, 0x90, 0x90, 0xe0, 0x00, 0x00,
	/* 'E' */	  4,  5,  0,  5,  6,
			  0xf0, 0x80, 0xe0, 0x80, 0xf0, 0x00, 0x00,
	/* 'F' */	  4,  5,  0,  5,  6,
			  0xf0, 0x80, 0xe0, 0x80, 0x80, 0x00, 0x00,
	/* 'G' */	  4,  5,  0,  5,  6,
			  0x60, 0x80, 0xb0, 0x90, 0x60, 0x00, 0x00,
	/* 'H' */	  4,  5,  0,  5,  6,
			  0x90, 0x90, 0xf0, 0x90, 0x90, 0x00, 0x00,
	/* 'I' */	  3,  5,  1,  5,  6,
			  0xe0, 0x40, 0x40, 0x40, 0xe0, 0x00, 0x00,
	/* 'J' */	  4,  5,  0,  5,  6,
			  0xf0, 0x10, 0x10, 0x90, 0x60, 0x00, 0x00,
	/* 'K' */	  4,  5,  0,  5,  6,
			  0x90, 0xa0, 0xc0, 0xa0, 0x90, 0x00, 0x00,
	/* 'L' */	  4,  5,  0,  5,  6,
			  0x80, 0x80, 0x80, 0x80, 0xf0, 0x00, 0x00,
	/* 'M' */	  4,  5,  0,  5,  6,
			  0x90, 0xf0, 0x90, 0x90, 0x90, 0x00, 0x00,
	/* 'N' */	  4,  5,  0,  5,  6,
			  0x90, 0xd0, 0xb0, 0x90, 0x90, 0x00, 0x00,
	/* 'O' */	  4,  5,  0,  5,  6,
			  0x60, 0x90, 0x90, 0x90, 0x60, 0x00, 0x00,
	/* 'P' */	  4,  5,  0,  5,  6,
			  0xe0, 0x90, 0xe0, 0x80, 0x80, 0x00, 0x00,
	/* 'Q' */	  4,  5,  0,  5,  6,
			  0x60, 0x90, 0x90, 0xa0, 0x50, 0x00, 0x00,
	/* 'R' */	  4,  5,  0,  5,  6,
			  0xe0, 0x90, 0xe0, 0xa0, 0x90, 0x00, 0x00,
	/* 'S' */	  4,  5,  0,  5,  6,
			  0x70, 0x80, 0x60, 0x10, 0xe0, 0x00, 0x00,
	/* 'T' */	  3,  5,  1,  5,  6,
			  0xe0, 0x40, 0x40, 0x40, 0x40, 0x00, 0x00,
	/* 'U' */	  4,  5,  0,  5,  6,
			  0x90, 0x90, 0x90, 0x90, 0x60, 0x00, 0x00,
	/* 'V' */	  5,  5,  0,  5,  6,
			  0x88, 0x88, 0x50, 0x50, 0x20, 0x00, 0x00,
	/* 'W' */	  5,  5,  0,  5,  6,
			  0x88, 0x88, 0xa8, 0xa8, 0x50, 0x00, 0x00,
	/* 'X' */	  4,  5,  0,  5,  6,
			  0x90, 0x90, 0x60, 0x90, 0x90, 0x00, 0x00,
	/* 'Y' */	  3,  5,  1,  5,  6,
			  0xa0, 0xa0, 0x40, 0x40, 0x40, 0x00, 0x00,
	/* 'Z' */	  4,  5,  0,  5,  6,
			  0xf0, 0x10, 0x60, 0x80, 0xf0, 0x00, 0x00,
	/* '[' */	  3,  5,  0,  5,  6,
			  0xe0, 0x80, 0x80, 0x80, 0xe0, 0x00, 0x00,
	/* '\' */	  3,  5,  0,  5,  6,
			  0x80, 0x80, 0x40, 0x20, 0x20, 0x00, 0x00,
	/* ']' */	  3,  5,  0,  5,  6,
			  0xe0, 0x20, 0x20, 0x20, 0xe0, 0x00, 0x00,
	/* '^' */	  3,  2,  1,  5,  6,
			  0x40, 0xa0, 0x00,
	/* '_' */	  4,  1,  0,  1,  6,
			  0xf0, 0x00, 0x00,
	/* '`' */	  2,  2,  2,  5,  6,
			  0x80, 0x40, 0x00,
	/* 'a' */	  4,  4,  0,  4,  6,
			  0x60, 0x90, 0x90, 0x70, 0x00, 0x00, 0x00,
	/* 'b' */	  4,  5,  0,  5,  6,
			  0x80, 0xe0, 0x90, 0x90, 0xe0, 0x00, 0x00,
	/* 'c' */	  4,  4,  0,  4,  6,
			  0x70, 0x80, 0x80, 0x70, 0x00, 0x00, 0x00,
	/* 'd' */	  4,  5,  0,  5,  6,
			  0x10, 0x70, 0x90, 0x90, 0x70, 0x00, 0x00,
	/* 'e' */	  4,  4,  0,  4,  6,
			  0x60, 0xf0, 0x80, 0x70, 0x00, 0x00, 0x00,
	/* 'f' */	  4,  6,  0,  4,  6,
			  0x70, 0x80, 0xe0, 0x80, 0x80, 0x80, 0x00,
	/* 'g' */	  4,  6,  0,  4,  6,
			  0x70, 0x90, 0x90, 0x70, 0x10, 0x60, 0x00,
	/* 'h' */	  4,  5,  0,  5,  6,
			  0x80, 0xe0, 0x90, 0x90, 0x90, 0x00, 0x00,
	/* 'i' */	  3,  4,  1,  4,  6,
			  0xc0, 0x40, 0x40, 0xe0, 0x00, 0x00, 0x00,
	/* 'j' */	  4,  7,  0,  5,  6,
			  0x10, 0x00, 0x30, 0x10, 0x10, 0x90, 0x60,
	/* 'k' */	  4,  5,  0,  5,  6,
			  0x80, 0xb0, 0xc0, 0xa0, 0x90, 0x00, 0x00,
	/* 'l' */	  3,  5,  1,  5,  6,
			  0x80, 0x80, 0x80, 0x80, 0x60, 0x00, 0x00,
	/* 'm' */	  5,  4,  0,  4,  6,
			  0x50, 0xa8, 0xa8, 0xa8, 0x00, 0x00, 0x00,
	/* 'n' */	  4,  4,  0,  4,  6,
			  0xe0, 0x90, 0x90, 0x90, 0x00, 0x00, 0x00,
	/* 'o' */	  4,  4,  0,  4,  6,
			  0x60, 0x90, 0x90, 0x60, 0x00, 0x00, 0x00,
	/* 'p' */	  4,  6,  0,  4,  6,
			  0xe0, 0x90, 0x90, 0xe0, 0x80, 0x80, 0x00,
	/* 'q' */	  4,  6,  0,  4,  6,
			  0x70, 0x90, 0x90, 0x70, 0x10, 0x10, 0x00,
	/* 'r' */	  4,  4,  0,  4,  6,
			  0xa0, 0xd0, 0x80, 0x80, 0x00, 0x00, 0x00,
	/* 's' */	  4,  4,  0,  4,  6,
			  0x70, 0xc0, 0x30, 0xe0, 0x00, 0x00, 0x00,
	/* 't' */	  4,  5,  0,  5,  6,
			  0x40, 0xf0, 0x40, 0x40, 0x30, 0x00, 0x00,
	/* 'u' */	  4,  4,  0,  4,  6,
			  0x90, 0x90, 0x90, 0x70, 0x00, 0x00, 0x00,
	/* 'v' */	  4,  4,  0,  4,  6,
			  0x90, 0x90, 0x90, 0x60, 0x00, 0x00, 0x00,
	/* 'w' */	  5,  4,  0,  4,  6,
			  0x88, 0xa8, 0xa8, 0x50, 0x00, 0x00, 0x00,
	/* 'x' */	  4,  4,  0,  4,  6,
			  0x90, 0x60, 0x60, 0x90, 0x00, 0x00, 0x00,
	/* 'y' */	  4,  6,  0,  4,  6,
			  0x90, 0x90, 0x90, 0x70, 0x10, 0x60, 0x00,
	/* 'z' */	  4,  4,  0,  4,  6,
			  0xf0, 0x20, 0x40, 0xf0, 0x00, 0x00, 0x00,
	/* '{' */	  2,  5,  1,  5,  6,
			  0x40, 0x80, 0x40, 0x80, 0x40, 0x00, 0x00,
	/* '|' */	  3,  5,  0,  5,  6,
			  0x20, 0x20, 0x20, 0x20, 0x20, 0x00, 0x00,
	/* '}' */	  2,  5,  1,  5,  6,
			  0x80, 0x40, 0x80, 0x40, 0x80, 0x00, 0x00,
	/* '~' */	  4,  2,  0,  4,  6,
			  0x50, 0xa0, 0x00,

};

static gp_glyph_offset font_offsets[] = {
	    0x0000,     0x0008,     0x0014,     0x001c,     0x0028,     0x0034,     0x0040,     0x004c,
	    0x0054,     0x0060,     0x006c,     0x0074,     0x007c,     0x0084,     0x008c,     0x0094,
	    0x00a0,     0x00ac,     0x00b8,     0x00c4,     0x00d0,     0x00dc,     0x00e8,     0x00f4,
	    0x0100,     0x010c,     0x0118,     0x0120,     0x012c,     0x0138,     0x0140,     0x014c,
	    0x0158,     0x0164,     0x0170,     0x017c,     0x0188,     0x0194,     0x01a0,     0x01ac,
	    0x01b8,     0x01c4,     0x01d0,     0x01dc,     0x01e8,     0x01f4,     0x0200,     0x020c,
	    0x0218,     0x0224,     0x0230,     0x023c,     0x0248,     0x0254,     0x0260,     0x026c,
	    0x0278,     0x0284,     0x0290,     0x029c,     0x02a8,     0x02b4,     0x02c0,     0x02c8,
	    0x02d0,     0x02d8,     0x02e4,     0x02f0,     0x02fc,     0x0308,     0x0314,     0x0320,
	    0x032c,     0x0338,     0x0344,     0x0350,     0x035c,     0x0368,     0x0374,     0x0380,
	    0x038c,     0x0398,     0x03a4,     0x03b0,     0x03bc,     0x03c8,     0x03d4,     0x03e0,
	    0x03ec,     0x03f8,     0x0404,     0x0410,     0x041c,     0x0428,     0x0434, 
};

static uint8_t font_latin_ext_glyphs[] = {
	/* 0xa1 '¡' */	  2,  5,  2,  5,  6,
			  0x80, 0x00, 0x80, 0x80, 0x80, 0x00, 0x00,
	/* 0xa2 '¢' */	  4,  6,  0,  5,  6,
			  0x20, 0x70, 0xa0, 0xa0, 0x70, 0x20, 0x00,
	/* 0xa3 '£' */	  5,  5,  0,  5,  6,
			  0x30, 0x40, 0xe0, 0x48, 0xf0, 0x00, 0x00,
	/* 0xa4 '¤' */	  5,  5,  0,  5,  6,
			  0xa8, 0x70, 0xd8, 0x70, 0xa8, 0x00, 0x00,
	/* 0xa5 '¥' */	  3,  5,  1,  5,  6,
			  0xa0, 0x40, 0xe0, 0x40, 0xe0, 0x00, 0x00,
	/* 0xa6 '¦' */	  3,  5,  0,  5,  6,
			  0x20, 0x20, 0x00, 0x20, 0x20, 0x00, 0x00,
	/* 0xa7 '§' */	  3,  5,  1,  5,  6,
			  0xe0, 0x40, 0xa0, 0x40, 0xe0, 0x00, 0x00,
	/* 0xa8 '¨' */	  3,  1,  1,  5,  6,
			  0xa0, 0x00, 0x00,
	/* 0xa9 '©' */	  5,  5,  0,  5,  6,
			  0x70, 0x88, 0xa8, 0x88, 0x70, 0x00, 0x00,
	/* 0xaa 'ª' */	  4,  4,  1,  5,  6,
			  0x40, 0x20, 0xe0, 0x50, 0x00, 0x00, 0x00,
	/* 0xab '«' */	  5,  5,  0,  5,  6,
			  0x28, 0x50, 0xa0, 0x50, 0x28, 0x00, 0x00,
	/* 0xac '¬' */	  3,  2,  1,  3,  6,
			  0xe0, 0x20, 0x00,
	/* 0xad '­' */	  4,  1,  0,  3,  6,
			  0xf0, 0x00, 0x00,
	/* 0xae '®' */	  5,  5,  0,  5,  6,
			  0x70, 0x88, 0xa8, 0xa8, 0x70, 0x00, 0x00,
	/* 0xaf '¯' */	  4,  1,  0,  5,  6,
			  0xf0, 0x00, 0x00,
	/* 0xb0 '°' */	  3,  3,  1,  5,  6,
			  0x40, 0xa0, 0x40,
	/* 0xb1 '±' */	  3,  5,  1,  5,  6,
			  0x40, 0xe0, 0x40, 0x00, 0xe0, 0x00, 0x00,
	/* 0xb2 '²' */	  3,  4,  1,  5,  6,
			  0xc0, 0x20, 0x40, 0xe0, 0x00, 0x00, 0x00,
	/* 0xb3 '³' */	  3,  4,  1,  5,  6,
			  0xc0, 0x60, 0x20, 0xc0, 0x00, 0x00, 0x00,
	/* 0xb4 '´' */	  2,  2,  2,  5,  6,
			  0x40, 0x80, 0x00,
	/* 0xb5 'µ' */	  4,  6,  0,  4,  6,
			  0xa0, 0xa0, 0xa0, 0xd0, 0x80, 0x80, 0x00,
	/* 0xb6 '¶' */	  4,  5,  0,  5,  6,
			  0xf0, 0xd0, 0xd0, 0x50, 0x50, 0x00, 0x00,
	/* 0xb7 '·' */	  1,  1,  2,  3,  6,
			  0x80, 0x00, 0x00,
	/* 0xb8 '¸' */	  2,  2,  2,  0,  6,
			  0x40, 0xc0, 0x00,
	/* 0xb9 '¹' */	  3,  4,  1,  5,  6,
			  0x40, 0xc0, 0x40, 0xe0, 0x00, 0x00, 0x00,
	/* 0xba 'º' */	  3,  4,  1,  5,  6,
			  0x40, 0xa0, 0xa0, 0x40, 0x00, 0x00, 0x00,
	/* 0xbb '»' */	  5,  5,  0,  5,  6,
			  0xa0, 0x50, 0x28, 0x50, 0xa0, 0x00, 0x00,
	/* 0xbc '¼' */	  4,  2,  0,  2,  6,
			  0x30, 0x30, 0x00,
	/* 0xbd '½' */	  4,  4,  0,  4,  6,
			  0x30, 0x30, 0x30, 0x30, 0x00, 0x00, 0x00,
	/* 0xbe '¾' */	  4,  4,  0,  4,  6,
			  0x30, 0x30, 0xf0, 0xf0, 0x00, 0x00, 0x00,
	/* 0xbf '¿' */	  4,  5,  0,  5,  6,
			  0x40, 0x00, 0x60, 0x10, 0xe0, 0x00, 0x00,
	/* 0xc0 'À' */	  4,  5,  0,  5,  6,
			  0xa0, 0x50, 0x70, 0x50, 0x50, 0x00, 0x00,
	/* 0xc1 'Á' */	  4,  5,  0,  5,  6,
			  0x50, 0xa0, 0xe0, 0xa0, 0xa0, 0x00, 0x00,
	/* 0xc2 'Â' */	  4,  5,  0,  5,  6,
			  0x60, 0x60, 0x90, 0xf0, 0x90, 0x00, 0x00,
	/* 0xc3 'Ã' */	  4,  5,  0,  5,  6,
			  0x60, 0x60, 0x90, 0xf0, 0x90, 0x00, 0x00,
	/* 0xc4 'Ä' */	  4,  5,  0,  5,  6,
			  0x90, 0x60, 0x90, 0xf0, 0x90, 0x00, 0x00,
	/* 0xc5 'Å' */	  4,  5,  0,  5,  6,
			  0x60, 0x60, 0x90, 0xf0, 0x90, 0x00, 0x00,
	/* 0xc6 'Æ' */	  4,  5,  0,  5,  6,
			  0x70, 0xa0, 0xf0, 0xa0, 0xb0, 0x00, 0x00,
	/* 0xc7 'Ç' */	  4,  7,  0,  5,  6,
			  0x60, 0x90, 0x80, 0x90, 0x60, 0x20, 0x40,
	/* 0xc8 'È' */	  4,  5,  0,  5,  6,
			  0xb0, 0x40, 0x60, 0x40, 0x70, 0x00, 0x00,
	/* 0xc9 'É' */	  4,  5,  0,  5,  6,
			  0xd0, 0x80, 0xe0, 0x80, 0xf0, 0x00, 0x00,
	/* 0xca 'Ê' */	  5,  5,  0,  5,  6,
			  0xd8, 0x80, 0xe0, 0x80, 0xf0, 0x00, 0x00,
	/* 0xcb 'Ë' */	  5,  5,  0,  5,  6,
			  0xa8, 0x80, 0xe0, 0x80, 0xf0, 0x00, 0x00,
	/* 0xcc 'Ì' */	  4,  5,  0,  5,  6,
			  0xb0, 0x20, 0x20, 0x20, 0x70, 0x00, 0x00,
	/* 0xcd 'Í' */	  5,  5,  0,  5,  6,
			  0xe8, 0x40, 0x40, 0x40, 0xe0, 0x00, 0x00,
	/* 0xce 'Î' */	  3,  5,  1,  5,  6,
			  0xe0, 0xe0, 0x40, 0x40, 0xe0, 0x00, 0x00,
	/* 0xcf 'Ï' */	  3,  5,  1,  5,  6,
			  0xa0, 0xe0, 0x40, 0x40, 0xe0, 0x00, 0x00,
	/* 0xd0 'Ð' */	  4,  5,  0,  5,  6,
			  0xe0, 0x90, 0xd0, 0x90, 0xe0, 0x00, 0x00,
	/* 0xd1 'Ñ' */	  4,  5,  0,  5,  6,
			  0x60, 0x90, 0xd0, 0xb0, 0x90, 0x00, 0x00,
	/* 0xd2 'Ò' */	  4,  5,  0,  5,  6,
			  0xa0, 0x50, 0x50, 0x50, 0x20, 0x00, 0x00,
	/* 0xd3 'Ó' */	  4,  5,  0,  5,  6,
			  0x50, 0xa0, 0xa0, 0xa0, 0x40, 0x00, 0x00,
	/* 0xd4 'Ô' */	  4,  5,  0,  5,  6,
			  0x60, 0x60, 0x90, 0x90, 0x60, 0x00, 0x00,
	/* 0xd5 'Õ' */	  4,  5,  0,  5,  6,
			  0x60, 0x60, 0x90, 0x90, 0x60, 0x00, 0x00,
	/* 0xd6 'Ö' */	  4,  5,  0,  5,  6,
			  0x90, 0x60, 0x90, 0x90, 0x60, 0x00, 0x00,
	/* 0xd7 '×' */	  3,  3,  1,  4,  6,
			  0xa0, 0x40, 0xa0,
	/* 0xd8 'Ø' */	  5,  5,  0,  5,  6,
			  0x70, 0x98, 0xa8, 0xc8, 0x70, 0x00, 0x00,
	/* 0xd9 'Ù' */	  4,  5,  0,  5,  6,
			  0x40, 0x90, 0x90, 0x90, 0x60, 0x00, 0x00,
	/* 0xda 'Ú' */	  4,  5,  0,  5,  6,
			  0x20, 0x90, 0x90, 0x90, 0x60, 0x00, 0x00,
	/* 0xdb 'Û' */	  4,  5,  0,  5,  6,
			  0x60, 0x00, 0x90, 0x90, 0x60, 0x00, 0x00,
	/* 0xdc 'Ü' */	  4,  5,  0,  5,  6,
			  0x50, 0x00, 0x90, 0x90, 0x60, 0x00, 0x00,
	/* 0xdd 'Ý' */	  3,  5,  1,  5,  6,
			  0x40, 0xa0, 0xa0, 0x40, 0x40, 0x00, 0x00,
	/* 0xde 'Þ' */	  4,  5,  0,  5,  6,
			  0x80, 0xe0, 0x90, 0xe0, 0x80, 0x00, 0x00,
	/* 0xdf 'ß' */	  4,  5,  0,  5,  6,
			  0x40, 0xa0, 0xa0, 0x90, 0xb0, 0x00, 0x00,
	/* 0xe0 'à' */	  4,  5,  0,  5,  6,
			  0x80, 0x60, 0x90, 0x90, 0x70, 0x00, 0x00,
	/* 0xe1 'á' */	  4,  5,  0,  5,  6,
			  0x10, 0x60, 0x90, 0x90, 0x70, 0x00, 0x00,
	/* 0xe2 'â' */	  4,  5,  0,  5,  6,
			  0x60, 0x60, 0x90, 0x90, 0x70, 0x00, 0x00,
	/* 0xe3 'ã' */	  4,  5,  0,  5,  6,
			  0x60, 0x60, 0x90, 0x90, 0x70, 0x00, 0x00,
	/* 0xe4 'ä' */	  4,  5,  0,  5,  6,
			  0x90, 0x60, 0x90, 0x90, 0x70, 0x00, 0x00,
	/* 0xe5 'å' */	  4,  5,  0,  5,  6,
			  0x60, 0x60, 0x90, 0x90, 0x70, 0x00, 0x00,
	/* 0xe6 'æ' */	  5,  4,  0,  4,  6,
			  0x70, 0xb8, 0xa0, 0x78, 0x00, 0x00, 0x00,
	/* 0xe7 'ç' */	  4,  6,  0,  4,  6,
			  0x70, 0x80, 0x80, 0x70, 0x20, 0x40, 0x00,
	/* 0xe8 'è' */	  4,  5,  0,  5,  6,
			  0x80, 0x60, 0xf0, 0x80, 0x60, 0x00, 0x00,
	/* 0xe9 'é' */	  4,  5,  0,  5,  6,
			  0x10, 0x60, 0xf0, 0x80, 0x60, 0x00, 0x00,
	/* 0xea 'ê' */	  4,  5,  0,  5,  6,
			  0x60, 0x60, 0xf0, 0x80, 0x60, 0x00, 0x00,
	/* 0xeb 'ë' */	  4,  5,  0,  5,  6,
			  0x90, 0x60, 0xf0, 0x80, 0x60, 0x00, 0x00,
	/* 0xec 'ì' */	  3,  5,  1,  5,  6,
			  0x80, 0x40, 0xc0, 0x40, 0xe0, 0x00, 0x00,
	/* 0xed 'í' */	  3,  5,  1,  5,  6,
			  0x20, 0x40, 0xc0, 0x40, 0xe0, 0x00, 0x00,
	/* 0xee 'î' */	  4,  5,  0,  5,  6,
			  0x60, 0x00, 0x60, 0x20, 0x70, 0x00, 0x00,
	/* 0xef 'ï' */	  3,  5,  1,  5,  6,
			  0xa0, 0x00, 0xc0, 0x40, 0xe0, 0x00, 0x00,
	/* 0xf0 'ð' */	  3,  5,  1,  5,  6,
			  0x40, 0x20, 0x60, 0xa0, 0x40, 0x00, 0x00,
	/* 0xf1 'ñ' */	  4,  5,  0,  5,  6,
			  0x60, 0xe0, 0x90, 0x90, 0x90, 0x00, 0x00,
	/* 0xf2 'ò' */	  3,  5,  1,  5,  6,
			  0x80, 0x40, 0xa0, 0xa0, 0x40, 0x00, 0x00,
	/* 0xf3 'ó' */	  3,  5,  1,  5,  6,
			  0x20, 0x40, 0xa0, 0xa0, 0x40, 0x00, 0x00,
	/* 0xf4 'ô' */	  3,  5,  1,  5,  6,
			  0xe0, 0x40, 0xa0, 0xa0, 0x40, 0x00, 0x00,
	/* 0xf5 'õ' */	  3,  5,  1,  5,  6,
			  0xe0, 0x40, 0xa0, 0xa0, 0x40, 0x00, 0x00,
	/* 0xf6 'ö' */	  3,  5,  1,  5,  6,
			  0xa0, 0x40, 0xa0, 0xa0, 0x40, 0x00, 0x00,
	/* 0xf7 '÷' */	  3,  5,  1,  5,  6,
			  0x40, 0x00, 0xe0, 0x00, 0x40, 0x00, 0x00,
	/* 0xf8 'ø' */	  4,  4,  0,  4,  6,
			  0x60, 0xb0, 0xd0, 0x60, 0x00, 0x00, 0x00,
	/* 0xf9 'ù' */	  4,  5,  0,  5,  6,
			  0x40, 0x20, 0x90, 0x90, 0x70, 0x00, 0x00,
	/* 0xfa 'ú' */	  4,  5,  0,  5,  6,
			  0x20, 0x40, 0x90, 0x90, 0x70, 0x00, 0x00,
	/* 0xfb 'û' */	  4,  5,  0,  5,  6,
			  0x60, 0x00, 0x90, 0x90, 0x70, 0x00, 0x00,
	/* 0xfc 'ü' */	  4,  5,  0,  5,  6,
			  0x90, 0x00, 0x90, 0x90, 0x70, 0x00, 0x00,
	/* 0xfd 'ý' */	  4,  7,  0,  5,  6,
			  0x20, 0x40, 0x90, 0x90, 0x70, 0x10, 0x60,
	/* 0xfe 'þ' */	  4,  6,  0,  5,  6,
			  0x80, 0xe0, 0x90, 0x90, 0xe0, 0x80, 0x00,
	/* 0xff 'ÿ' */	  4,  7,  0,  5,  6,
			  0x90, 0x00, 0x90, 0x90, 0x70, 0x10, 0x60,
	/* 0x100 'Ā' */	  4,  5,  0,  5,  6,
			  0x60, 0x60, 0x90, 0xf0, 0x90, 0x00, 0x00,
	/* 0x101 'ā' */	  4,  5,  0,  5,  6,
			  0x60, 0x60, 0x90, 0x90, 0x70, 0x00, 0x00,
	/* 0x102 'Ă' */	  4,  5,  0,  5,  6,
			  0x60, 0x60, 0x90, 0xf0, 0x90, 0x00, 0x00,
	/* 0x103 'ă' */	  4,  5,  0,  5,  6,
			  0x60, 0x60, 0x90, 0x90, 0x70, 0x00, 0x00,
	/* 0x104 'Ą' */	  4,  7,  0,  5,  6,
			  0x60, 0x90, 0xf0, 0x90, 0x90, 0x20, 0x10,
	/* 0x105 'ą' */	  4,  6,  0,  4,  6,
			  0x60, 0x90, 0x90, 0x70, 0x40, 0x20, 0x00,
	/* 0x106 'Ć' */	  4,  5,  0,  5,  6,
			  0x10, 0x60, 0x90, 0x80, 0x60, 0x00, 0x00,
	/* 0x107 'ć' */	  4,  5,  0,  5,  6,
			  0x10, 0x60, 0x80, 0x80, 0x60, 0x00, 0x00,
	/* 0x108 'Ĉ' */	  4,  5,  0,  5,  6,
			  0x60, 0x60, 0x90, 0x80, 0x60, 0x00, 0x00,
	/* 0x109 'ĉ' */	  3,  5,  0,  5,  6,
			  0x60, 0x60, 0x80, 0x80, 0x60, 0x00, 0x00,
	/* 0x10a 'Ċ' */	  4,  5,  0,  5,  6,
			  0x60, 0x60, 0x90, 0x80, 0x60, 0x00, 0x00,
	/* 0x10b 'ċ' */	  3,  5,  0,  5,  6,
			  0x60, 0x60, 0x80, 0x80, 0x60, 0x00, 0x00,
	/* 0x10c 'Č' */	  4,  5,  0,  5,  6,
			  0x60, 0x60, 0x90, 0x80, 0x60, 0x00, 0x00,
	/* 0x10d 'č' */	  3,  5,  0,  5,  6,
			  0x60, 0x60, 0x80, 0x80, 0x60, 0x00, 0x00,
	/* 0x10e 'Ď' */	  4,  5,  0,  5,  6,
			  0x60, 0xe0, 0x90, 0x90, 0xe0, 0x00, 0x00,
	/* 0x10f 'ď' */	  4,  5,  0,  5,  6,
			  0x30, 0x70, 0xa0, 0xa0, 0x60, 0x00, 0x00,
	/* 0x110 'Đ' */	  4,  5,  0,  5,  6,
			  0xe0, 0x90, 0xd0, 0x90, 0xe0, 0x00, 0x00,
	/* 0x111 'đ' */	  5,  5,  0,  5,  6,
			  0x10, 0x70, 0xb8, 0x90, 0x70, 0x00, 0x00,
	/* 0x112 'Ē' */	  4,  5,  0,  5,  6,
			  0xd0, 0x80, 0xc0, 0x80, 0xe0, 0x00, 0x00,
	/* 0x113 'ē' */	  4,  5,  0,  5,  6,
			  0x60, 0x60, 0xf0, 0x80, 0x60, 0x00, 0x00,
	/* 0x114 'Ĕ' */	  4,  5,  0,  5,  6,
			  0xd0, 0x90, 0xc0, 0x80, 0xe0, 0x00, 0x00,
	/* 0x115 'ĕ' */	  4,  5,  0,  5,  6,
			  0x60, 0x60, 0xf0, 0x80, 0x60, 0x00, 0x00,
	/* 0x116 'Ė' */	  4,  5,  0,  5,  6,
			  0xd0, 0x80, 0xc0, 0x80, 0xe0, 0x00, 0x00,
	/* 0x117 'ė' */	  4,  5,  0,  5,  6,
			  0x40, 0x60, 0xf0, 0x80, 0x60, 0x00, 0x00,
	/* 0x118 'Ę' */	  4,  7,  0,  5,  6,
			  0xf0, 0x80, 0xe0, 0x80, 0xf0, 0x40, 0x20,
	/* 0x119 'ę' */	  4,  6,  0,  4,  6,
			  0x60, 0xf0, 0x80, 0x60, 0x40, 0x20, 0x00,
	/* 0x11a 'Ě' */	  4,  5,  0,  5,  6,
			  0xd0, 0x90, 0xc0, 0x80, 0xe0, 0x00, 0x00,
	/* 0x11b 'ě' */	  4,  5,  0,  5,  6,
			  0x60, 0x60, 0xf0, 0x80, 0x60, 0x00, 0x00,
	/* 0x11c 'Ĝ' */	  4,  5,  0,  5,  6,
			  0x60, 0x60, 0x80, 0xb0, 0x60, 0x00, 0x00,
	/* 0x11d 'ĝ' */	  4,  7,  0,  5,  6,
			  0x60, 0x70, 0x90, 0x90, 0x70, 0x10, 0x60,
	/* 0x11e 'Ğ' */	  4,  5,  0,  5,  6,
			  0x60, 0x60, 0x80, 0xb0, 0x60, 0x00, 0x00,
	/* 0x11f 'ğ' */	  4,  7,  0,  5,  6,
			  0x60, 0x70, 0x90, 0x90, 0x70, 0x10, 0x60,
	/* 0x120 'Ġ' */	  4,  5,  0,  5,  6,
			  0x20, 0x60, 0x80, 0xb0, 0x60, 0x00, 0x00,
	/* 0x121 'ġ' */	  4,  7,  0,  5,  6,
			  0x20, 0x70, 0x90, 0x90, 0x70, 0x10, 0x60,
	/* 0x122 'Ģ' */	  4,  7,  0,  5,  6,
			  0x60, 0x90, 0x80, 0xb0, 0x60, 0x00, 0x20,
	/* 0x123 'ģ' */	  4,  7,  0,  5,  6,
			  0x20, 0x00, 0x70, 0x90, 0x70, 0x10, 0x60,
	/* 0x124 'Ĥ' */	  4,  5,  0,  5,  6,
			  0x60, 0x00, 0x90, 0xf0, 0x90, 0x00, 0x00,
	/* 0x125 'ĥ' */	  4,  5,  0,  5,  6,
			  0xb0, 0x80, 0xe0, 0x90, 0x90, 0x00, 0x00,
	/* 0x126 'Ħ' */	  4,  5,  0,  5,  6,
			  0x90, 0xf0, 0x90, 0xf0, 0x90, 0x00, 0x00,
	/* 0x127 'ħ' */	  4,  5,  0,  5,  6,
			  0x80, 0xe0, 0xe0, 0x90, 0x90, 0x00, 0x00,
	/* 0x128 'Ĩ' */	  3,  5,  1,  5,  6,
			  0xe0, 0xe0, 0x40, 0x40, 0xe0, 0x00, 0x00,
	/* 0x129 'ĩ' */	  3,  5,  1,  5,  6,
			  0xc0, 0x00, 0xc0, 0x40, 0xe0, 0x00, 0x00,
	/* 0x12a 'Ī' */	  4,  5,  0,  5,  6,
			  0x70, 0x70, 0x20, 0x20, 0x70, 0x00, 0x00,
	/* 0x12b 'ī' */	  4,  5,  0,  5,  6,
			  0x60, 0x00, 0x60, 0x20, 0x70, 0x00, 0x00,
	/* 0x12c 'Ĭ' */	  4,  5,  0,  5,  6,
			  0x70, 0x70, 0x20, 0x20, 0x70, 0x00, 0x00,
	/* 0x12d 'ĭ' */	  3,  5,  1,  5,  6,
			  0xc0, 0x00, 0xc0, 0x40, 0xe0, 0x00, 0x00,
	/* 0x12e 'Į' */	  3,  7,  1,  5,  6,
			  0xe0, 0x40, 0x40, 0x40, 0xe0, 0x80, 0x40,
	/* 0x12f 'į' */	  3,  6,  1,  4,  6,
			  0xc0, 0x40, 0x40, 0xe0, 0x80, 0x40, 0x00,
	/* 0x130 'İ' */	  3,  5,  1,  5,  6,
			  0x40, 0xe0, 0x40, 0x40, 0xe0, 0x00, 0x00,
	/* 0x131 'ı' */	  3,  4,  1,  4,  6,
			  0xc0, 0x40, 0x40, 0xe0, 0x00, 0x00, 0x00,
	/* 0x132 'Ĳ' */	  4,  5,  0,  5,  6,
			  0xb0, 0x90, 0x90, 0xd0, 0xa0, 0x00, 0x00,
	/* 0x133 'ĳ' */	  4,  6,  0,  4,  6,
			  0x90, 0x00, 0x90, 0x90, 0x10, 0x20, 0x00,
	/* 0x134 'Ĵ' */	  4,  5,  0,  5,  6,
			  0x60, 0xf0, 0x10, 0x90, 0x60, 0x00, 0x00,
	/* 0x135 'ĵ' */	  4,  6,  0,  5,  6,
			  0x30, 0x00, 0x10, 0x10, 0x90, 0x60, 0x00,
	/* 0x136 'Ķ' */	  4,  7,  0,  5,  6,
			  0x90, 0xa0, 0xc0, 0xa0, 0x90, 0x00, 0x40,
	/* 0x137 'ķ' */	  4,  7,  0,  5,  6,
			  0x80, 0xb0, 0xc0, 0xa0, 0x90, 0x00, 0x40,
	/* 0x138 'ĸ' */	  4,  4,  0,  4,  6,
			  0xb0, 0xc0, 0xa0, 0x90, 0x00, 0x00, 0x00,
	/* 0x139 'Ĺ' */	  4,  5,  0,  5,  6,
			  0xa0, 0x80, 0x80, 0x80, 0xf0, 0x00, 0x00,
	/* 0x13a 'ĺ' */	  3,  5,  1,  5,  6,
			  0xa0, 0x80, 0x80, 0x80, 0x60, 0x00, 0x00,
	/* 0x13b 'Ļ' */	  4,  7,  0,  5,  6,
			  0x80, 0x80, 0x80, 0x80, 0xf0, 0x00, 0x40,
	/* 0x13c 'ļ' */	  4,  7,  0,  5,  6,
			  0x40, 0x40, 0x40, 0x40, 0x30, 0x00, 0x20,
	/* 0x13d 'Ľ' */	  4,  5,  0,  5,  6,
			  0xa0, 0xa0, 0x80, 0x80, 0xf0, 0x00, 0x00,
	/* 0x13e 'ľ' */	  4,  5,  0,  5,  6,
			  0x50, 0x50, 0x40, 0x40, 0x30, 0x00, 0x00,
	/* 0x13f 'Ŀ' */	  4,  5,  0,  5,  6,
			  0x80, 0x80, 0xa0, 0x80, 0xf0, 0x00, 0x00,
	/* 0x140 'ŀ' */	  4,  5,  0,  5,  6,
			  0x40, 0x40, 0x50, 0x40, 0x30, 0x00, 0x00,
	/* 0x141 'Ł' */	  4,  5,  0,  5,  6,
			  0x80, 0xa0, 0xc0, 0x80, 0xf0, 0x00, 0x00,
	/* 0x142 'ł' */	  4,  5,  0,  5,  6,
			  0x40, 0x60, 0xc0, 0x40, 0x30, 0x00, 0x00,
	/* 0x143 'Ń' */	  4,  5,  0,  5,  6,
			  0xa0, 0x90, 0xd0, 0xb0, 0x90, 0x00, 0x00,
	/* 0x144 'ń' */	  4,  5,  0,  5,  6,
			  0x10, 0xe0, 0x90, 0x90, 0x90, 0x00, 0x00,
	/* 0x145 'Ņ' */	  4,  7,  0,  5,  6,
			  0x90, 0xd0, 0xb0, 0x90, 0x90, 0x00, 0x40,
	/* 0x146 'ņ' */	  4,  6,  0,  4,  6,
			  0xe0, 0x90, 0x90, 0x90, 0x00, 0x40, 0x00,
	/* 0x147 'Ň' */	  4,  5,  0,  5,  6,
			  0x60, 0x90, 0xd0, 0xb0, 0x90, 0x00, 0x00,
	/* 0x148 'ň' */	  4,  5,  0,  5,  6,
			  0x60, 0xe0, 0x90, 0x90, 0x90, 0x00, 0x00,
	/* 0x149 'ŉ' */	  4,  5,  0,  5,  6,
			  0x80, 0x00, 0xe0, 0x90, 0x90, 0x00, 0x00,
	/* 0x14a 'Ŋ' */	  4,  5,  0,  5,  6,
			  0xa0, 0xd0, 0x90, 0x90, 0xb0, 0x00, 0x00,
	/* 0x14b 'ŋ' */	  4,  6,  0,  4,  6,
			  0xe0, 0x90, 0x90, 0x90, 0x10, 0x20, 0x00,
	/* 0x14c 'Ō' */	  4,  5,  0,  5,  6,
			  0x60, 0x60, 0x90, 0x90, 0x60, 0x00, 0x00,
	/* 0x14d 'ō' */	  3,  5,  1,  5,  6,
			  0x40, 0x40, 0xa0, 0xa0, 0x40, 0x00, 0x00,
	/* 0x14e 'Ŏ' */	  4,  5,  0,  5,  6,
			  0x60, 0x60, 0x90, 0x90, 0x60, 0x00, 0x00,
	/* 0x14f 'ŏ' */	  3,  5,  1,  5,  6,
			  0x40, 0x40, 0xa0, 0xa0, 0x40, 0x00, 0x00,
	/* 0x150 'Ő' */	  4,  5,  0,  5,  6,
			  0x90, 0x60, 0x90, 0x90, 0x60, 0x00, 0x00,
	/* 0x151 'ő' */	  3,  5,  1,  5,  6,
			  0xa0, 0x40, 0xa0, 0xa0, 0x40, 0x00, 0x00,
	/* 0x152 'Œ' */	  4,  5,  0,  5,  6,
			  0x70, 0xa0, 0xb0, 0xa0, 0x70, 0x00, 0x00,
	/* 0x153 'œ' */	  5,  4,  0,  4,  6,
			  0x50, 0xb8, 0xa0, 0x50, 0x00, 0x00, 0x00,
	/* 0x154 'Ŕ' */	  4,  5,  0,  5,  6,
			  0x20, 0xe0, 0x90, 0xe0, 0x90, 0x00, 0x00,
	/* 0x155 'ŕ' */	  4,  5,  0,  5,  6,
			  0x40, 0xa0, 0xd0, 0x80, 0x80, 0x00, 0x00,
	/* 0x156 'Ŗ' */	  4,  7,  0,  5,  6,
			  0xe0, 0x90, 0xe0, 0xa0, 0x90, 0x00, 0x40,
	/* 0x157 'ŗ' */	  4,  6,  0,  4,  6,
			  0xa0, 0xd0, 0x80, 0x80, 0x00, 0x80, 0x00,
	/* 0x158 'Ř' */	  4,  5,  0,  5,  6,
			  0x60, 0xe0, 0x90, 0xe0, 0x90, 0x00, 0x00,
	/* 0x159 'ř' */	  4,  5,  0,  5,  6,
			  0x60, 0xa0, 0xd0, 0x80, 0x80, 0x00, 0x00,
	/* 0x15a 'Ś' */	  4,  5,  0,  5,  6,
			  0x50, 0x80, 0x60, 0x10, 0xe0, 0x00, 0x00,
	/* 0x15b 'ś' */	  4,  5,  0,  5,  6,
			  0x60, 0x70, 0xc0, 0x30, 0xe0, 0x00, 0x00,
	/* 0x15c 'Ŝ' */	  4,  5,  0,  5,  6,
			  0x50, 0x80, 0x60, 0x10, 0xe0, 0x00, 0x00,
	/* 0x15d 'ŝ' */	  4,  5,  0,  5,  6,
			  0x60, 0x70, 0xc0, 0x30, 0xe0, 0x00, 0x00,
	/* 0x15e 'Ş' */	  4,  7,  0,  5,  6,
			  0x70, 0x80, 0x60, 0x10, 0xe0, 0x00, 0x20,
	/* 0x15f 'ş' */	  4,  6,  0,  4,  6,
			  0x70, 0xc0, 0x30, 0xe0, 0x00, 0x20, 0x00,
	/* 0x160 'Š' */	  4,  5,  0,  5,  6,
			  0x50, 0x80, 0x60, 0x10, 0xe0, 0x00, 0x00,
	/* 0x161 'š' */	  4,  5,  0,  5,  6,
			  0x60, 0x70, 0xc0, 0x30, 0xe0, 0x00, 0x00,
	/* 0x162 'Ţ' */	  4,  7,  0,  5,  6,
			  0x70, 0x20, 0x20, 0x20, 0x20, 0x00, 0x20,
	/* 0x163 'ţ' */	  4,  7,  0,  5,  6,
			  0x40, 0xf0, 0x40, 0x40, 0x30, 0x00, 0x20,
	/* 0x164 'Ť' */	  3,  5,  1,  5,  6,
			  0xe0, 0x00, 0xe0, 0x40, 0x40, 0x00, 0x00,
	/* 0x165 'ť' */	  4,  5,  0,  5,  6,
			  0x50, 0xf0, 0x40, 0x40, 0x30, 0x00, 0x00,
	/* 0x166 'Ŧ' */	  3,  5,  1,  5,  6,
			  0xe0, 0x40, 0xe0, 0x40, 0x40, 0x00, 0x00,
	/* 0x167 'ŧ' */	  4,  5,  0,  5,  6,
			  0xf0, 0x40, 0xf0, 0x40, 0x30, 0x00, 0x00,
	/* 0x168 'Ũ' */	  4,  5,  0,  5,  6,
			  0x60, 0x00, 0x90, 0x90, 0x60, 0x00, 0x00,
	/* 0x169 'ũ' */	  4,  5,  0,  5,  6,
			  0x60, 0x00, 0x90, 0x90, 0x70, 0x00, 0x00,
	/* 0x16a 'Ū' */	  4,  5,  0,  5,  6,
			  0x60, 0x00, 0x90, 0x90, 0x60, 0x00, 0x00,
	/* 0x16b 'ū' */	  4,  5,  0,  5,  6,
			  0x60, 0x00, 0x90, 0x90, 0x70, 0x00, 0x00,
	/* 0x16c 'Ŭ' */	  4,  5,  0,  5,  6,
			  0x60, 0x00, 0x90, 0x90, 0x60, 0x00, 0x00,
	/* 0x16d 'ŭ' */	  4,  5,  0,  5,  6,
			  0x60, 0x00, 0x90, 0x90, 0x70, 0x00, 0x00,
	/* 0x16e 'Ů' */	  4,  5,  0,  5,  6,
			  0x60, 0x60, 0x90, 0x90, 0x60, 0x00, 0x00,
	/* 0x16f 'ů' */	  4,  5,  0,  5,  6,
			  0x60, 0x60, 0x90, 0x90, 0x70, 0x00, 0x00,
	/* 0x170 'Ű' */	  4,  5,  0,  5,  6,
			  0x50, 0x80, 0x90, 0x90, 0x60, 0x00, 0x00,
	/* 0x171 'ű' */	  4,  5,  0,  5,  6,
			  0x50, 0x00, 0x90, 0x90, 0x60, 0x00, 0x00,
	/* 0x172 'Ų' */	  4,  7,  0,  5,  6,
			  0x90, 0x90, 0x90, 0x90, 0x60, 0x40, 0x20,
	/* 0x173 'ų' */	  4,  6,  0,  4,  6,
			  0x90, 0x90, 0x90, 0x60, 0x40, 0x20, 0x00,
	/* 0x174 'Ŵ' */	  5,  5,  0,  5,  6,
			  0xa8, 0x88, 0xa8, 0xa8, 0x50, 0x00, 0x00,
	/* 0x175 'ŵ' */	  5,  4,  0,  4,  6,
			  0xa8, 0x88, 0xa8, 0x50, 0x00, 0x00, 0x00,
	/* 0x176 'Ŷ' */	  3,  5,  1,  5,  6,
			  0x40, 0xa0, 0xa0, 0x40, 0x40, 0x00, 0x00,
	/* 0x177 'ŷ' */	  4,  7,  0,  5,  6,
			  0x60, 0x00, 0x90, 0x90, 0x70, 0x10, 0x60,
	/* 0x178 'Ÿ' */	  3,  5,  1,  5,  6,
			  0xa0, 0x00, 0xa0, 0x40, 0x40, 0x00, 0x00,
	/* 0x179 'Ź' */	  4,  5,  0,  5,  6,
			  0x20, 0xf0, 0x20, 0x40, 0xf0, 0x00, 0x00,
	/* 0x17a 'ź' */	  4,  5,  0,  5,  6,
			  0x20, 0x40, 0xf0, 0x60, 0xf0, 0x00, 0x00,
	/* 0x17b 'Ż' */	  4,  5,  0,  5,  6,
			  0x60, 0xf0, 0x20, 0x40, 0xf0, 0x00, 0x00,
	/* 0x17c 'ż' */	  4,  5,  1,  5,  6,
			  0x60, 0x00, 0xf0, 0x60, 0xf0, 0x00, 0x00,
	/* 0x17d 'Ž' */	  4,  5,  0,  5,  6,
			  0x60, 0xf0, 0x20, 0x40, 0xf0, 0x00, 0x00,
	/* 0x17e 'ž' */	  4,  5,  0,  5,  6,
			  0x60, 0x00, 0xf0, 0x60, 0xf0, 0x00, 0x00,

};

static gp_glyph_offset font_latin_ext_offsets[] = {
	    0x0000,     0x000c,     0x0018,     0x0024,     0x0030,     0x003c,     0x0048,     0x0054,
	    0x005c,     0x0068,     0x0074,     0x0080,     0x0088,     0x0090,     0x009c,     0x00a4,
	    0x00ac,     0x00b8,     0x00c4,     0x00d0,     0x00d8,     0x00e4,     0x00f0,     0x00f8,
	    0x0100,     0x010c,     0x0118,     0x0124,     0x012c,     0x0138,     0x0144,     0x0150,
	    0x015c,     0x0168,     0x0174,     0x0180,     0x018c,     0x0198,     0x01a4,     0x01b0,
	    0x01bc,     0x01c8,     0x01d4,     0x01e0,     0x01ec,     0x01f8,     0x0204,     0x0210,
	    0x021c,     0x0228,     0x0234,     0x0240,     0x024c,     0x0258,     0x0264,     0x026c,
	    0x0278,     0x0284,     0x0290,     0x029c,     0x02a8,     0x02b4,     0x02c0,     0x02cc,
	    0x02d8,     0x02e4,     0x02f0,     0x02fc,     0x0308,     0x0314,     0x0320,     0x032c,
	    0x0338,     0x0344,     0x0350,     0x035c,     0x0368,     0x0374,     0x0380,     0x038c,
	    0x0398,     0x03a4,     0x03b0,     0x03bc,     0x03c8,     0x03d4,     0x03e0,     0x03ec,
	    0x03f8,     0x0404,     0x0410,     0x041c,     0x0428,     0x0434,     0x0440,     0x044c,
	    0x0458,     0x0464,     0x0470,     0x047c,     0x0488,     0x0494,     0x04a0,     0x04ac,
	    0x04b8,     0x04c4,     0x04d0,     0x04dc,     0x04e8,     0x04f4,     0x0500,     0x050c,
	    0x0518,     0x0524,     0x0530,     0x053c,     0x0548,     0x0554,     0x0560,     0x056c,
	    0x0578,     0x0584,     0x0590,     0x059c,     0x05a8,     0x05b4,     0x05c0,     0x05cc,
	    0x05d8,     0x05e4,     0x05f0,     0x05fc,     0x0608,     0x0614,     0x0620,     0x062c,
	    0x0638,     0x0644,     0x0650,     0x065c,     0x0668,     0x0674,     0x0680,     0x068c,
	    0x0698,     0x06a4,     0x06b0,     0x06bc,     0x06c8,     0x06d4,     0x06e0,     0x06ec,
	    0x06f8,     0x0704,     0x0710,     0x071c,     0x0728,     0x0734,     0x0740,     0x074c,
	    0x0758,     0x0764,     0x0770,     0x077c,     0x0788,     0x0794,     0x07a0,     0x07ac,
	    0x07b8,     0x07c4,     0x07d0,     0x07dc,     0x07e8,     0x07f4,     0x0800,     0x080c,
	    0x0818,     0x0824,     0x0830,     0x083c,     0x0848,     0x0854,     0x0860,     0x086c,
	    0x0878,     0x0884,     0x0890,     0x089c,     0x08a8,     0x08b4,     0x08c0,     0x08cc,
	    0x08d8,     0x08e4,     0x08f0,     0x08fc,     0x0908,     0x0914,     0x0920,     0x092c,
	    0x0938,     0x0944,     0x0950,     0x095c,     0x0968,     0x0974,     0x0980,     0x098c,
	    0x0998,     0x09a4,     0x09b0,     0x09bc,     0x09c8,     0x09d4,     0x09e0,     0x09ec,
	    0x09f8,     0x0a04,     0x0a10,     0x0a1c,     0x0a28,     0x0a34, 
};

static uint8_t font_greek_glyphs[] = {
	/* 0x384 '΄' */	  1,  1,  2,  5,  6,
			  0x80, 0x00, 0x00,
	/* 0x385 '΅' */	  3,  1,  1,  5,  6,
			  0xe0, 0x00, 0x00,
	/* 0x386 'Ά' */	  4,  5,  0,  5,  6,
			  0x80, 0x60, 0x90, 0xf0, 0x90, 0x00, 0x00,
	/* 0x387 '·' */	  1,  1,  2,  3,  6,
			  0x80, 0x00, 0x00,
	/* 0x388 'Έ' */	  4,  5,  0,  5,  6,
			  0xf0, 0x40, 0x60, 0x40, 0x70, 0x00, 0x00,
	/* 0x389 'Ή' */	  4,  5,  0,  5,  6,
			  0xd0, 0x50, 0x70, 0x50, 0x50, 0x00, 0x00,
	/* 0x38a 'Ί' */	  4,  5,  0,  5,  6,
			  0x80, 0x70, 0x20, 0x20, 0x70, 0x00, 0x00,
	/* 0x38c 'Ό' */	  4,  5,  0,  5,  6,
			  0x80, 0x60, 0x90, 0x90, 0x60, 0x00, 0x00,
	/* 0x38e 'Ύ' */	  4,  5,  0,  5,  6,
			  0xd0, 0x50, 0x20, 0x20, 0x20, 0x00, 0x00,
	/* 0x38f 'Ώ' */	  4,  5,  0,  5,  6,
			  0x80, 0x60, 0x90, 0x60, 0xf0, 0x00, 0x00,
	/* 0x390 'ΐ' */	  3,  5,  1,  5,  6,
			  0xe0, 0x00, 0xc0, 0x40, 0x60, 0x00, 0x00,
	/* 0x391 'Α' */	  4,  5,  0,  5,  6,
			  0x60, 0x90, 0xf0, 0x90, 0x90, 0x00, 0x00,
	/* 0x392 'Β' */	  4,  5,  0,  5,  6,
			  0xe0, 0x90, 0xe0, 0x90, 0xe0, 0x00, 0x00,
	/* 0x393 'Γ' */	  4,  5,  0,  5,  6,
			  0xf0, 0x80, 0x80, 0x80, 0x80, 0x00, 0x00,
	/* 0x394 'Δ' */	  4,  5,  0,  5,  6,
			  0x60, 0x60, 0x90, 0x90, 0xf0, 0x00, 0x00,
	/* 0x395 'Ε' */	  4,  5,  0,  5,  6,
			  0xf0, 0x80, 0xe0, 0x80, 0xf0, 0x00, 0x00,
	/* 0x396 'Ζ' */	  4,  5,  0,  5,  6,
			  0xf0, 0x10, 0x60, 0x80, 0xf0, 0x00, 0x00,
	/* 0x397 'Η' */	  4,  5,  0,  5,  6,
			  0x90, 0x90, 0xf0, 0x90, 0x90, 0x00, 0x00,
	/* 0x398 'Θ' */	  4,  5,  0,  5,  6,
			  0x60, 0x90, 0xf0, 0x90, 0x60, 0x00, 0x00,
	/* 0x399 'Ι' */	  4,  5,  0,  5,  6,
			  0x70, 0x20, 0x20, 0x20, 0x70, 0x00, 0x00,
	/* 0x39a 'Κ' */	  4,  5,  0,  5,  6,
			  0x90, 0xa0, 0xc0, 0xa0, 0x90, 0x00, 0x00,
	/* 0x39b 'Λ' */	  4,  5,  0,  5,  6,
			  0x60, 0x60, 0x90, 0x90, 0x90, 0x00, 0x00,
	/* 0x39c 'Μ' */	  4,  5,  0,  5,  6,
			  0x90, 0xf0, 0x90, 0x90, 0x90, 0x00, 0x00,
	/* 0x39d 'Ν' */	  4,  5,  0,  5,  6,
			  0x90, 0xd0, 0xb0, 0x90, 0x90, 0x00, 0x00,
	/* 0x39e 'Ξ' */	  4,  5,  0,  5,  6,
			  0xf0, 0x00, 0x60, 0x00, 0xf0, 0x00, 0x00,
	/* 0x39f 'Ο' */	  4,  5,  0,  5,  6,
			  0x60, 0x90, 0x90, 0x90, 0x60, 0x00, 0x00,
	/* 0x3a0 'Π' */	  4,  5,  0,  5,  6,
			  0xf0, 0x90, 0x90, 0x90, 0x90, 0x00, 0x00,
	/* 0x3a1 'Ρ' */	  4,  5,  0,  5,  6,
			  0xe0, 0x90, 0xe0, 0x80, 0x80, 0x00, 0x00,
	/* 0x3a3 'Σ' */	  4,  5,  0,  5,  6,
			  0xf0, 0x40, 0x20, 0x40, 0xf0, 0x00, 0x00,
	/* 0x3a4 'Τ' */	  3,  5,  1,  5,  6,
			  0xe0, 0x40, 0x40, 0x40, 0x40, 0x00, 0x00,
	/* 0x3a5 'Υ' */	  3,  5,  1,  5,  6,
			  0xa0, 0xa0, 0x40, 0x40, 0x40, 0x00, 0x00,
	/* 0x3a6 'Φ' */	  5,  5,  0,  5,  6,
			  0x20, 0x70, 0xa8, 0x70, 0x20, 0x00, 0x00,
	/* 0x3a7 'Χ' */	  4,  5,  0,  5,  6,
			  0x90, 0x90, 0x60, 0x90, 0x90, 0x00, 0x00,
	/* 0x3a8 'Ψ' */	  5,  5,  0,  5,  6,
			  0xa8, 0xa8, 0x70, 0x20, 0x20, 0x00, 0x00,
	/* 0x3a9 'Ω' */	  4,  5,  0,  5,  6,
			  0x60, 0x90, 0x90, 0x60, 0xf0, 0x00, 0x00,
	/* 0x3aa 'Ϊ' */	  3,  5,  1,  5,  6,
			  0xa0, 0xe0, 0x40, 0x40, 0xe0, 0x00, 0x00,
	/* 0x3ab 'Ϋ' */	  3,  5,  1,  5,  6,
			  0xa0, 0x00, 0xa0, 0x40, 0x40, 0x00, 0x00,
	/* 0x3ac 'ά' */	  4,  5,  0,  5,  6,
			  0x40, 0x50, 0xa0, 0xa0, 0x50, 0x00, 0x00,
	/* 0x3ad 'έ' */	  4,  5,  0,  5,  6,
			  0x50, 0x80, 0x40, 0x80, 0x60, 0x00, 0x00,
	/* 0x3ae 'ή' */	  4,  6,  0,  5,  6,
			  0x90, 0xa0, 0xd0, 0x90, 0x90, 0x10, 0x00,
	/* 0x3af 'ί' */	  4,  5,  0,  5,  6,
			  0x20, 0x00, 0x60, 0x20, 0x30, 0x00, 0x00,
	/* 0x3b0 'ΰ' */	  4,  5,  0,  5,  6,
			  0xf0, 0x00, 0x90, 0x90, 0x60, 0x00, 0x00,
	/* 0x3b1 'α' */	  4,  4,  0,  4,  6,
			  0x50, 0xa0, 0xa0, 0x50, 0x00, 0x00, 0x00,
	/* 0x3b2 'β' */	  4,  6,  0,  5,  6,
			  0x60, 0x90, 0xa0, 0x90, 0xa0, 0x80, 0x00,
	/* 0x3b3 'γ' */	  3,  6,  1,  4,  6,
			  0xa0, 0xa0, 0xa0, 0x40, 0x40, 0x80, 0x00,
	/* 0x3b4 'δ' */	  3,  5,  1,  5,  6,
			  0xe0, 0x80, 0x40, 0xa0, 0x40, 0x00, 0x00,
	/* 0x3b5 'ε' */	  3,  5,  1,  5,  6,
			  0x60, 0x80, 0x40, 0x80, 0x60, 0x00, 0x00,
	/* 0x3b6 'ζ' */	  4,  6,  0,  5,  6,
			  0xf0, 0x20, 0x40, 0x80, 0x60, 0x20, 0x00,
	/* 0x3b7 'η' */	  4,  5,  0,  4,  6,
			  0xa0, 0xd0, 0x90, 0x90, 0x10, 0x00, 0x00,
	/* 0x3b8 'θ' */	  3,  5,  1,  5,  6,
			  0x40, 0xa0, 0xe0, 0xa0, 0x40, 0x00, 0x00,
	/* 0x3b9 'ι' */	  4,  4,  0,  4,  6,
			  0x60, 0x20, 0x20, 0x30, 0x00, 0x00, 0x00,
	/* 0x3ba 'κ' */	  4,  4,  0,  4,  6,
			  0xb0, 0xc0, 0xa0, 0x90, 0x00, 0x00, 0x00,
	/* 0x3bb 'λ' */	  4,  5,  0,  5,  6,
			  0x40, 0x20, 0x20, 0x50, 0x50, 0x00, 0x00,
	/* 0x3bc 'μ' */	  4,  6,  0,  4,  6,
			  0xa0, 0xa0, 0xa0, 0xd0, 0x80, 0x80, 0x00,
	/* 0x3bd 'ν' */	  4,  4,  0,  4,  6,
			  0x90, 0x50, 0x50, 0x20, 0x00, 0x00, 0x00,
	/* 0x3be 'ξ' */	  4,  6,  0,  5,  6,
			  0xf0, 0x40, 0x60, 0x80, 0x70, 0x10, 0x00,
	/* 0x3bf 'ο' */	  4,  4,  0,  4,  6,
			  0x60, 0x90, 0x90, 0x60, 0x00, 0x00, 0x00,
	/* 0x3c0 'π' */	  4,  4,  0,  4,  6,
			  0xf0, 0xa0, 0xa0, 0x90, 0x00, 0x00, 0x00,
	/* 0x3c1 'ρ' */	  4,  6,  0,  4,  6,
			  0x60, 0x90, 0x90, 0xe0, 0x80, 0x80, 0x00,
	/* 0x3c2 'ς' */	  4,  5,  0,  4,  6,
			  0x70, 0x80, 0x80, 0x60, 0x10, 0x00, 0x00,
	/* 0x3c3 'σ' */	  4,  5,  0,  5,  6,
			  0x70, 0x90, 0x90, 0x90, 0x60, 0x00, 0x00,
	/* 0x3c4 'τ' */	  3,  5,  1,  4,  6,
			  0xe0, 0x40, 0x40, 0x40, 0x20, 0x00, 0x00,
	/* 0x3c5 'υ' */	  4,  4,  0,  4,  6,
			  0x90, 0x90, 0x90, 0x60, 0x00, 0x00, 0x00,
	/* 0x3c6 'φ' */	  5,  6,  0,  4,  6,
			  0xb0, 0xa8, 0xa8, 0x70, 0x20, 0x20, 0x00,
	/* 0x3c7 'χ' */	  4,  5,  0,  4,  6,
			  0x90, 0x90, 0x60, 0x90, 0x90, 0x00, 0x00,
	/* 0x3c8 'ψ' */	  5,  6,  0,  4,  6,
			  0xa8, 0xa8, 0xa8, 0x70, 0x20, 0x20, 0x00,
	/* 0x3c9 'ω' */	  5,  4,  0,  4,  6,
			  0xa8, 0xa8, 0xa8, 0x50, 0x00, 0x00, 0x00,
	/* 0x3ca 'ϊ' */	  4,  5,  0,  5,  6,
			  0x50, 0x00, 0x60, 0x20, 0x30, 0x00, 0x00,
	/* 0x3cb 'ϋ' */	  4,  5,  0,  5,  6,
			  0x50, 0x00, 0x90, 0x90, 0x60, 0x00, 0x00,
	/* 0x3cc 'ό' */	  4,  5,  0,  5,  6,
			  0x10, 0x60, 0x90, 0x90, 0x60, 0x00, 0x00,
	/* 0x3cd 'ύ' */	  4,  5,  0,  5,  6,
			  0x20, 0x90, 0x90, 0x90, 0x60, 0x00, 0x00,
	/* 0x3ce 'ώ' */	  5,  5,  0,  5,  6,
			  0x10, 0xa8, 0xa8, 0xa8, 0x50, 0x00, 0x00,

};

static gp_glyph_offset font_greek_offsets[] = {
	    0x0000,     0x0008,     0x0010,     0x001c,     0x0024,     0x0030,     0x003c, GP_NOGLYPH,
	    0x0048, GP_NOGLYPH,     0x0054,     0x0060,     0x006c,     0x0078,     0x0084,     0x0090,
	    0x009c,     0x00a8,     0x00b4,     0x00c0,     0x00cc,     0x00d8,     0x00e4,     0x00f0,
	    0x00fc,     0x0108,     0x0114,     0x0120,     0x012c,     0x0138, GP_NOGLYPH,     0x0144,
	    0x0150,     0x015c,     0x0168,     0x0174,     0x0180,     0x018c,     0x0198,     0x01a4,
	    0x01b0,     0x01bc,     0x01c8,     0x01d4,     0x01e0,     0x01ec,     0x01f8,     0x0204,
	    0x0210,     0x021c,     0x0228,     0x0234,     0x0240,     0x024c,     0x0258,     0x0264,
	    0x0270,     0x027c,     0x0288,     0x0294,     0x02a0,     0x02ac,     0x02b8,     0x02c4,
	    0x02d0,     0x02dc,     0x02e8,     0x02f4,     0x0300,     0x030c,     0x0318,     0x0324,
	    0x0330,     0x033c,     0x0348, 
};

static uint8_t font_cyrilic_glyphs[] = {
	/* 0x400 'Ѐ' */	  4,  5,  0,  5,  6,
			  0xd0, 0x80, 0xe0, 0x80, 0xf0, 0x00, 0x00,
	/* 0x401 'Ё' */	  4,  5,  0,  5,  6,
			  0x50, 0x80, 0xe0, 0x80, 0xf0, 0x00, 0x00,
	/* 0x402 'Ђ' */	  4,  5,  0,  5,  6,
			  0xe0, 0x40, 0x70, 0x50, 0x50, 0x00, 0x00,
	/* 0x403 'Ѓ' */	  4,  5,  0,  5,  6,
			  0x20, 0xf0, 0x80, 0x80, 0x80, 0x00, 0x00,
	/* 0x404 'Є' */	  4,  5,  0,  5,  6,
			  0x60, 0x90, 0xc0, 0x90, 0x60, 0x00, 0x00,
	/* 0x405 'Ѕ' */	  4,  5,  0,  5,  6,
			  0x70, 0x80, 0x60, 0x10, 0xe0, 0x00, 0x00,
	/* 0x406 'І' */	  3,  5,  1,  5,  6,
			  0xe0, 0x40, 0x40, 0x40, 0xe0, 0x00, 0x00,
	/* 0x407 'Ї' */	  3,  5,  1,  5,  6,
			  0xa0, 0x40, 0x40, 0x40, 0xe0, 0x00, 0x00,
	/* 0x408 'Ј' */	  4,  5,  0,  5,  6,
			  0xf0, 0x10, 0x10, 0x90, 0x60, 0x00, 0x00,
	/* 0x409 'Љ' */	  4,  5,  0,  5,  6,
			  0x60, 0x60, 0x70, 0xb0, 0xa0, 0x00, 0x00,
	/* 0x40a 'Њ' */	  4,  5,  0,  5,  6,
			  0xa0, 0xa0, 0xf0, 0xb0, 0xa0, 0x00, 0x00,
	/* 0x40b 'Ћ' */	  4,  4,  0,  4,  6,
			  0xe0, 0x40, 0x70, 0x50, 0x00, 0x00, 0x00,
	/* 0x40c 'Ќ' */	  4,  5,  0,  5,  6,
			  0xd0, 0xa0, 0xc0, 0xa0, 0x90, 0x00, 0x00,
	/* 0x40d 'Ѝ' */	  4,  5,  0,  5,  6,
			  0x50, 0x90, 0xb0, 0xd0, 0x90, 0x00, 0x00,
	/* 0x40e 'Ў' */	  3,  5,  1,  5,  6,
			  0x40, 0xa0, 0xa0, 0x40, 0x80, 0x00, 0x00,
	/* 0x40f 'Џ' */	  3,  6,  1,  5,  6,
			  0xa0, 0xa0, 0xa0, 0xa0, 0xe0, 0x40, 0x00,
	/* 0x410 'А' */	  4,  5,  0,  5,  6,
			  0x60, 0x90, 0xf0, 0x90, 0x90, 0x00, 0x00,
	/* 0x411 'Б' */	  4,  5,  0,  5,  6,
			  0xf0, 0x80, 0xe0, 0x90, 0xe0, 0x00, 0x00,
	/* 0x412 'В' */	  4,  5,  0,  5,  6,
			  0xe0, 0x90, 0xe0, 0x90, 0xe0, 0x00, 0x00,
	/* 0x413 'Г' */	  4,  5,  0,  5,  6,
			  0xf0, 0x80, 0x80, 0x80, 0x80, 0x00, 0x00,
	/* 0x414 'Д' */	  4,  6,  0,  5,  6,
			  0x70, 0x50, 0x50, 0x50, 0xf0, 0x90, 0x00,
	/* 0x415 'Е' */	  4,  5,  0,  5,  6,
			  0xf0, 0x80, 0xf0, 0x80, 0xf0, 0x00, 0x00,
	/* 0x416 'Ж' */	  5,  5,  0,  5,  6,
			  0xa8, 0xa8, 0x70, 0xa8, 0xa8, 0x00, 0x00,
	/* 0x417 'З' */	  4,  5,  0,  5,  6,
			  0x60, 0x90, 0x20, 0x90, 0x60, 0x00, 0x00,
	/* 0x418 'И' */	  4,  5,  0,  5,  6,
			  0x90, 0xb0, 0xd0, 0x90, 0x90, 0x00, 0x00,
	/* 0x419 'Й' */	  4,  5,  0,  5,  6,
			  0x60, 0x90, 0xb0, 0xd0, 0x90, 0x00, 0x00,
	/* 0x41a 'К' */	  4,  5,  0,  5,  6,
			  0x90, 0xa0, 0xc0, 0xa0, 0x90, 0x00, 0x00,
	/* 0x41b 'Л' */	  4,  5,  0,  5,  6,
			  0x70, 0x50, 0x50, 0x90, 0x90, 0x00, 0x00,
	/* 0x41c 'М' */	  4,  5,  0,  5,  6,
			  0x90, 0xf0, 0x90, 0x90, 0x90, 0x00, 0x00,
	/* 0x41d 'Н' */	  4,  5,  0,  5,  6,
			  0x90, 0x90, 0xf0, 0x90, 0x90, 0x00, 0x00,
	/* 0x41e 'О' */	  4,  5,  0,  5,  6,
			  0x60, 0x90, 0x90, 0x90, 0x60, 0x00, 0x00,
	/* 0x41f 'П' */	  4,  5,  0,  5,  6,
			  0xf0, 0x90, 0x90, 0x90, 0x90, 0x00, 0x00,
	/* 0x420 'Р' */	  4,  5,  0,  5,  6,
			  0xe0, 0x90, 0xe0, 0x80, 0x80, 0x00, 0x00,
	/* 0x421 'С' */	  4,  5,  0,  5,  6,
			  0x60, 0x90, 0x80, 0x90, 0x60, 0x00, 0x00,
	/* 0x422 'Т' */	  3,  5,  1,  5,  6,
			  0xe0, 0x40, 0x40, 0x40, 0x40, 0x00, 0x00,
	/* 0x423 'У' */	  3,  5,  1,  5,  6,
			  0xa0, 0xa0, 0x40, 0x40, 0x80, 0x00, 0x00,
	/* 0x424 'Ф' */	  5,  5,  0,  5,  6,
			  0x20, 0xf8, 0xa8, 0xf8, 0x20, 0x00, 0x00,
	/* 0x425 'Х' */	  4,  5,  0,  5,  6,
			  0x90, 0x90, 0x60, 0x90, 0x90, 0x00, 0x00,
	/* 0x426 'Ц' */	  4,  6,  0,  5,  6,
			  0xa0, 0xa0, 0xa0, 0xa0, 0xf0, 0x10, 0x00,
	/* 0x427 'Ч' */	  4,  5,  0,  5,  6,
			  0x90, 0x90, 0x70, 0x10, 0x10, 0x00, 0x00,
	/* 0x428 'Ш' */	  5,  5,  0,  5,  6,
			  0xa8, 0xa8, 0xa8, 0xa8, 0xf8, 0x00, 0x00,
	/* 0x429 'Щ' */	  5,  6,  0,  5,  6,
			  0xa8, 0xa8, 0xa8, 0xa8, 0xf8, 0x08, 0x00,
	/* 0x42a 'Ъ' */	  4,  5,  0,  5,  6,
			  0xc0, 0x40, 0x60, 0x50, 0x60, 0x00, 0x00,
	/* 0x42b 'Ы' */	  4,  5,  0,  5,  6,
			  0x90, 0x90, 0xd0, 0xb0, 0xd0, 0x00, 0x00,
	/* 0x42c 'Ь' */	  3,  5,  1,  5,  6,
			  0x80, 0x80, 0xc0, 0xa0, 0xc0, 0x00, 0x00,
	/* 0x42d 'Э' */	  4,  5,  0,  5,  6,
			  0x60, 0x90, 0x30, 0x90, 0x60, 0x00, 0x00,
	/* 0x42e 'Ю' */	  4,  5,  0,  5,  6,
			  0xb0, 0xb0, 0xf0, 0xb0, 0xb0, 0x00, 0x00,
	/* 0x42f 'Я' */	  4,  5,  0,  5,  6,
			  0x70, 0x90, 0x70, 0x50, 0x90, 0x00, 0x00,
	/* 0x430 'а' */	  4,  4,  0,  4,  6,
			  0x60, 0x90, 0x90, 0x70, 0x00, 0x00, 0x00,
	/* 0x431 'б' */	  4,  5,  0,  5,  6,
			  0x70, 0x80, 0xe0, 0x90, 0x60, 0x00, 0x00,
	/* 0x432 'в' */	  4,  4,  0,  4,  6,
			  0xe0, 0xf0, 0x90, 0xe0, 0x00, 0x00, 0x00,
	/* 0x433 'г' */	  3,  4,  1,  4,  6,
			  0xe0, 0x80, 0x80, 0x80, 0x00, 0x00, 0x00,
	/* 0x434 'д' */	  4,  6,  0,  4,  6,
			  0x70, 0x50, 0x50, 0xf0, 0x90, 0x90, 0x00,
	/* 0x435 'е' */	  4,  4,  0,  4,  6,
			  0x60, 0xf0, 0x80, 0x60, 0x00, 0x00, 0x00,
	/* 0x436 'ж' */	  5,  4,  0,  4,  6,
			  0xa8, 0x70, 0x70, 0xa8, 0x00, 0x00, 0x00,
	/* 0x437 'з' */	  4,  4,  0,  4,  6,
			  0xf0, 0x20, 0x90, 0x60, 0x00, 0x00, 0x00,
	/* 0x438 'и' */	  4,  4,  0,  4,  6,
			  0x90, 0xb0, 0xd0, 0x90, 0x00, 0x00, 0x00,
	/* 0x439 'й' */	  4,  5,  0,  5,  6,
			  0x60, 0x90, 0xb0, 0xd0, 0x90, 0x00, 0x00,
	/* 0x43a 'к' */	  4,  4,  0,  4,  6,
			  0xb0, 0xc0, 0xa0, 0x90, 0x00, 0x00, 0x00,
	/* 0x43b 'л' */	  4,  4,  0,  4,  6,
			  0x70, 0x50, 0x90, 0x90, 0x00, 0x00, 0x00,
	/* 0x43c 'м' */	  4,  4,  0,  4,  6,
			  0x90, 0xf0, 0x90, 0x90, 0x00, 0x00, 0x00,
	/* 0x43d 'н' */	  4,  4,  0,  4,  6,
			  0x90, 0x90, 0xf0, 0x90, 0x00, 0x00, 0x00,
	/* 0x43e 'о' */	  4,  4,  0,  4,  6,
			  0x60, 0x90, 0x90, 0x60, 0x00, 0x00, 0x00,
	/* 0x43f 'п' */	  4,  4,  0,  4,  6,
			  0xf0, 0x90, 0x90, 0x90, 0x00, 0x00, 0x00,
	/* 0x440 'р' */	  4,  5,  0,  4,  6,
			  0xe0, 0x90, 0x90, 0xe0, 0x80, 0x00, 0x00,
	/* 0x441 'с' */	  4,  4,  0,  4,  6,
			  0x70, 0x80, 0x80, 0x70, 0x00, 0x00, 0x00,
	/* 0x442 'т' */	  3,  4,  1,  4,  6,
			  0xe0, 0x40, 0x40, 0x40, 0x00, 0x00, 0x00,
	/* 0x443 'у' */	  4,  5,  0,  4,  6,
			  0x50, 0x50, 0x20, 0x20, 0x40, 0x00, 0x00,
	/* 0x444 'ф' */	  5,  6,  0,  5,  6,
			  0x20, 0x70, 0xa8, 0xa8, 0x70, 0x20, 0x00,
	/* 0x445 'х' */	  4,  4,  0,  4,  6,
			  0x90, 0x60, 0x60, 0x90, 0x00, 0x00, 0x00,
	/* 0x446 'ц' */	  4,  5,  0,  4,  6,
			  0xa0, 0xa0, 0xa0, 0xf0, 0x10, 0x00, 0x00,
	/* 0x447 'ч' */	  4,  4,  0,  4,  6,
			  0x90, 0x90, 0x70, 0x10, 0x00, 0x00, 0x00,
	/* 0x448 'ш' */	  5,  4,  0,  4,  6,
			  0xa8, 0xa8, 0xa8, 0xf8, 0x00, 0x00, 0x00,
	/* 0x449 'щ' */	  5,  5,  0,  4,  6,
			  0xa8, 0xa8, 0xa8, 0xf8, 0x08, 0x00, 0x00,
	/* 0x44a 'ъ' */	  4,  4,  0,  4,  6,
			  0xc0, 0x60, 0x50, 0x60, 0x00, 0x00, 0x00,
	/* 0x44b 'ы' */	  4,  4,  0,  4,  6,
			  0x90, 0x90, 0xd0, 0xd0, 0x00, 0x00, 0x00,
	/* 0x44c 'ь' */	  3,  4,  1,  4,  6,
			  0x80, 0xc0, 0xa0, 0xc0, 0x00, 0x00, 0x00,
	/* 0x44d 'э' */	  3,  4,  1,  4,  6,
			  0xc0, 0x60, 0x20, 0xc0, 0x00, 0x00, 0x00,
	/* 0x44e 'ю' */	  4,  4,  0,  4,  6,
			  0xb0, 0xb0, 0xf0, 0xb0, 0x00, 0x00, 0x00,
	/* 0x44f 'я' */	  3,  4,  1,  4,  6,
			  0x60, 0xa0, 0x60, 0xa0, 0x00, 0x00, 0x00,
	/* 0x450 'ѐ' */	  4,  5,  0,  5,  6,
			  0x40, 0x60, 0xf0, 0x80, 0x60, 0x00, 0x00,
	/* 0x451 'ё' */	  4,  5,  0,  5,  6,
			  0x90, 0x60, 0xf0, 0x80, 0x60, 0x00, 0x00,
	/* 0x452 'ђ' */	  4,  6,  0,  5,  6,
			  0xe0, 0x80, 0xe0, 0x90, 0x90, 0x20, 0x00,
	/* 0x453 'ѓ' */	  3,  5,  1,  5,  6,
			  0x40, 0xe0, 0x80, 0x80, 0x80, 0x00, 0x00,
	/* 0x454 'є' */	  4,  4,  1,  4,  6,
			  0x60, 0xc0, 0x80, 0x60, 0x00, 0x00, 0x00,
	/* 0x455 'ѕ' */	  4,  4,  0,  4,  6,
			  0x70, 0xc0, 0x30, 0xe0, 0x00, 0x00, 0x00,
	/* 0x456 'і' */	  3,  5,  1,  5,  6,
			  0x40, 0x00, 0xc0, 0x40, 0xe0, 0x00, 0x00,
	/* 0x457 'ї' */	  3,  5,  1,  5,  6,
			  0xa0, 0x00, 0xc0, 0x40, 0xe0, 0x00, 0x00,
	/* 0x458 'ј' */	  4,  7,  0,  5,  6,
			  0x10, 0x00, 0x30, 0x10, 0x10, 0x90, 0x60,
	/* 0x459 'љ' */	  4,  5,  0,  5,  6,
			  0x60, 0x60, 0x60, 0xb0, 0xb0, 0x00, 0x00,
	/* 0x45a 'њ' */	  4,  5,  0,  5,  6,
			  0xa0, 0xa0, 0xe0, 0xb0, 0xb0, 0x00, 0x00,
	/* 0x45b 'ћ' */	  4,  5,  0,  5,  6,
			  0xe0, 0x80, 0xe0, 0x90, 0x90, 0x00, 0x00,
	/* 0x45c 'ќ' */	  4,  5,  0,  5,  6,
			  0x40, 0xb0, 0xc0, 0xa0, 0x90, 0x00, 0x00,
	/* 0x45d 'ѝ' */	  4,  5,  0,  5,  6,
			  0x40, 0x90, 0xb0, 0xd0, 0x90, 0x00, 0x00,
	/* 0x45e 'ў' */	  3,  6,  1,  5,  6,
			  0x40, 0xa0, 0xa0, 0x40, 0x40, 0x80, 0x00,
	/* 0x45f 'џ' */	  3,  5,  1,  4,  6,
			  0xa0, 0xa0, 0xa0, 0xe0, 0x40, 0x00, 0x00,

};

static gp_glyph_offset font_cyrilic_offsets[] = {
	    0x0000,     0x000c,     0x0018,     0x0024,     0x0030,     0x003c,     0x0048,     0x0054,
	    0x0060,     0x006c,     0x0078,     0x0084,     0x0090,     0x009c,     0x00a8,     0x00b4,
	    0x00c0,     0x00cc,     0x00d8,     0x00e4,     0x00f0,     0x00fc,     0x0108,     0x0114,
	    0x0120,     0x012c,     0x0138,     0x0144,     0x0150,     0x015c,     0x0168,     0x0174,
	    0x0180,     0x018c,     0x0198,     0x01a4,     0x01b0,     0x01bc,     0x01c8,     0x01d4,
	    0x01e0,     0x01ec,     0x01f8,     0x0204,     0x0210,     0x021c,     0x0228,     0x0234,
	    0x0240,     0x024c,     0x0258,     0x0264,     0x0270,     0x027c,     0x0288,     0x0294,
	    0x02a0,     0x02ac,     0x02b8,     0x02c4,     0x02d0,     0x02dc,     0x02e8,     0x02f4,
	    0x0300,     0x030c,     0x0318,     0x0324,     0x0330,     0x033c,     0x0348,     0x0354,
	    0x0360,     0x036c,     0x0378,     0x0384,     0x0390,     0x039c,     0x03a8,     0x03b4,
	    0x03c0,     0x03cc,     0x03d8,     0x03e4,     0x03f0,     0x03fc,     0x0408,     0x0414,
	    0x0420,     0x042c,     0x0438,     0x0444,     0x0450,     0x045c,     0x0468,     0x0474,
};

static uint8_t font_punctuation_glyphs[] = {
	/* 0x2018 '��' */	  2,  2,  1,  5,  6,
			  0x80, 0xc0, 0x00,
	/* 0x2019 '��' */	  2,  2,  1,  5,  6,
			  0xc0, 0x40, 0x00,
	/* 0x201a '��' */	  3,  2,  0,  2,  6,
			  0x60, 0x20, 0x00,
	/* 0x201b '��' */	  2,  2,  1,  5,  6,
			  0xc0, 0x80, 0x00,
	/* 0x201c '��' */	  4,  2,  0,  5,  6,
			  0xa0, 0xb0, 0x00,
	/* 0x201d '��' */	  4,  2,  0,  5,  6,
			  0xd0, 0x50, 0x00,
	/* 0x201e '��' */	  4,  2,  0,  2,  6,
			  0xd0, 0x50, 0x00,
	/* 0x201f '��' */	  4,  2,  0,  5,  6,
			  0xb0, 0xa0, 0x00,
	/* 0x2022 '��' */	  2,  2,  1,  3,  6,
			  0xc0, 0xc0, 0x00,
	/* 0x2023 '��' */	  2,  3,  1,  4,  6,
			  0x80, 0xc0, 0x80,
	/* 0x2024 '��' */	  3,  1,  0,  1,  6,
			  0x20, 0x00, 0x00,
	/* 0x2025 '��' */	  4,  1,  0,  1,  6,
			  0x50, 0x00, 0x00,
	/* 0x2026 '��' */	  5,  1,  0,  1,  6,
			  0xa8, 0x00, 0x00,
	/* 0x2027 '��' */	  2,  1,  1,  3,  6,
			  0xc0, 0x00, 0x00,
	/* 0x2030 '��' */	  4,  5,  0,  5,  6,
			  0x90, 0x10, 0x60, 0x80, 0xb0, 0x00, 0x00,
	/* 0x2031 '��' */	  5,  5,  0,  5,  6,
			  0x90, 0x10, 0x60, 0x80, 0xb8, 0x00, 0x00,
	/* 0x2032 '��' */	  2,  2,  1,  5,  6,
			  0x40, 0x80, 0x00,
	/* 0x2033 '��' */	  4,  2,  0,  5,  6,
			  0x50, 0xa0, 0x00,
	/* 0x2034 '��' */	  4,  2,  0,  5,  6,
			  0x70, 0xe0, 0x00,
	/* 0x2035 '��' */	  2,  2,  1,  5,  6,
			  0x80, 0x40, 0x00,
	/* 0x2036 '��' */	  4,  2,  0,  5,  6,
			  0xa0, 0x50, 0x00,
	/* 0x2037 '��' */	  4,  2,  0,  5,  6,
			  0xe0, 0x70, 0x00,

};

static gp_glyph_offset font_punctuation_offsets[] = {
	    0x0000,     0x0008,     0x0010,     0x0018,     0x0020,     0x0028,     0x0030,     0x0038,
	GP_NOGLYPH, GP_NOGLYPH,     0x0040,     0x0048,     0x0050,     0x0058,     0x0060,     0x0068,
	GP_NOGLYPH, GP_NOGLYPH, GP_NOGLYPH, GP_NOGLYPH, GP_NOGLYPH, GP_NOGLYPH, GP_NOGLYPH, GP_NOGLYPH,
	    0x0070,     0x007c,     0x0088,     0x0090,     0x0098,     0x00a0,     0x00a8,     0x00b0,
};

static uint8_t font_subsuper_glyphs[] = {
	/* 0x2070 '��' */	  3,  4,  1,  5,  6,
			  0x40, 0xa0, 0xa0, 0x40, 0x00, 0x00, 0x00,
	/* 0x2071 '��' */	  1,  4,  2,  5,  6,
			  0x80, 0x00, 0x80, 0x80, 0x00, 0x00, 0x00,
	/* 0x2074 '��' */	  3,  4,  1,  5,  6,
			  0x40, 0xc0, 0xe0, 0x40, 0x00, 0x00, 0x00,
	/* 0x2075 '��' */	  3,  4,  1,  5,  6,
			  0xe0, 0xc0, 0x20, 0xe0, 0x00, 0x00, 0x00,
	/* 0x2076 '��' */	  3,  4,  1,  5,  6,
			  0x40, 0x80, 0xe0, 0x40, 0x00, 0x00, 0x00,
	/* 0x2077 '��' */	  3,  4,  1,  5,  6,
			  0xe0, 0x20, 0x40, 0x40, 0x00, 0x00, 0x00,
	/* 0x2078 '��' */	  3,  4,  1,  5,  6,
			  0x40, 0xe0, 0xe0, 0x40, 0x00, 0x00, 0x00,
	/* 0x2079 '��' */	  3,  4,  1,  5,  6,
			  0x40, 0xe0, 0x20, 0x40, 0x00, 0x00, 0x00,
	/* 0x207a '��' */	  3,  3,  1,  5,  6,
			  0x40, 0xe0, 0x40,
	/* 0x207b '��' */	  3,  1,  1,  4,  6,
			  0xe0, 0x00, 0x00,
	/* 0x207c '��' */	  3,  3,  1,  5,  6,
			  0xe0, 0x00, 0xe0,
	/* 0x207d '��' */	  2,  4,  1,  5,  6,
			  0x40, 0x80, 0x80, 0x40, 0x00, 0x00, 0x00,
	/* 0x207e '��' */	  2,  4,  1,  5,  6,
			  0x80, 0x40, 0x40, 0x80, 0x00, 0x00, 0x00,
	/* 0x207f '��' */	  3,  4,  1,  5,  6,
			  0xc0, 0xa0, 0xa0, 0xa0, 0x00, 0x00, 0x00,
	/* 0x2080 '' */	  3,  4,  1,  3,  6,
			  0x40, 0xa0, 0xa0, 0x40, 0x00, 0x00, 0x00,
	/* 0x2081 '' */	  3,  4,  1,  3,  6,
			  0x40, 0xc0, 0x40, 0xe0, 0x00, 0x00, 0x00,
	/* 0x2082 '' */	  3,  4,  1,  3,  6,
			  0x40, 0x20, 0x40, 0xe0, 0x00, 0x00, 0x00,
	/* 0x2083 '' */	  3,  4,  1,  3,  6,
			  0xc0, 0x60, 0x20, 0xc0, 0x00, 0x00, 0x00,
	/* 0x2084 '' */	  3,  4,  1,  3,  6,
			  0x40, 0xc0, 0xe0, 0x40, 0x00, 0x00, 0x00,
	/* 0x2085 '' */	  3,  4,  1,  3,  6,
			  0xe0, 0xc0, 0x20, 0xe0, 0x00, 0x00, 0x00,
	/* 0x2086 '' */	  3,  4,  1,  3,  6,
			  0x40, 0x80, 0xe0, 0x40, 0x00, 0x00, 0x00,
	/* 0x2087 '' */	  3,  4,  1,  3,  6,
			  0xe0, 0x20, 0x40, 0x40, 0x00, 0x00, 0x00,
	/* 0x2088 '' */	  3,  4,  1,  3,  6,
			  0x40, 0xe0, 0xe0, 0x40, 0x00, 0x00, 0x00,
	/* 0x2089 '' */	  3,  4,  1,  3,  6,
			  0x40, 0xe0, 0x20, 0x40, 0x00, 0x00, 0x00,
	/* 0x208a '' */	  4,  3,  0,  2,  6,
			  0x20, 0x70, 0x20,
	/* 0x208b '' */	  4,  1,  0,  1,  6,
			  0x70, 0x00, 0x00,
	/* 0x208c '' */	  4,  3,  0,  2,  6,
			  0x70, 0x00, 0x70,
	/* 0x208d '' */	  2,  4,  1,  3,  6,
			  0x40, 0x80, 0x80, 0x40, 0x00, 0x00, 0x00,
	/* 0x208e '' */	  3,  4,  0,  3,  6,
			  0x40, 0x20, 0x20, 0x40, 0x00, 0x00, 0x00,

};

static gp_glyph_offset font_subsuper_offsets[] = {
	    0x0000,     0x000c, GP_NOGLYPH, GP_NOGLYPH,     0x0018,     0x0024,     0x0030,     0x003c,
	    0x0048,     0x0054,     0x0060,     0x0068,     0x0070,     0x0078,     0x0084,     0x0090,
	    0x009c,     0x00a8,     0x00b4,     0x00c0,     0x00cc,     0x00d8,     0x00e4,     0x00f0,
	    0x00fc,     0x0108,     0x0114,     0x011c,     0x0124,     0x012c,     0x0138, 
};

static uint8_t font_arrows_glyphs[] = {
	/* 0x2190 'Ɛ' */	  5,  3,  0,  4,  6,
			  0x40, 0xf8, 0x40,
	/* 0x2191 'Ƒ' */	  3,  5,  1,  5,  6,
			  0x40, 0xe0, 0x40, 0x40, 0x40, 0x00, 0x00,
	/* 0x2192 'ƒ' */	  5,  3,  0,  4,  6,
			  0x10, 0xf8, 0x10,
	/* 0x2193 'Ɠ' */	  4,  5,  0,  5,  6,
			  0x20, 0x20, 0x20, 0x70, 0x20, 0x00, 0x00,
	/* 0x2194 'Ɣ' */	  5,  3,  0,  4,  6,
			  0x50, 0xf8, 0x50,
	/* 0x2195 'ƕ' */	  4,  5,  0,  5,  6,
			  0x20, 0x70, 0x20, 0x70, 0x20, 0x00, 0x00,
	/* 0x2196 'Ɩ' */	  5,  5,  0,  5,  6,
			  0xe0, 0xc0, 0xa0, 0x10, 0x08, 0x00, 0x00,
	/* 0x2197 'Ɨ' */	  5,  5,  0,  5,  6,
			  0x38, 0x18, 0x28, 0x40, 0x80, 0x00, 0x00,
	/* 0x2198 'Ƙ' */	  5,  5,  0,  5,  6,
			  0x80, 0x40, 0x28, 0x18, 0x38, 0x00, 0x00,
	/* 0x2199 'ƙ' */	  5,  5,  0,  5,  6,
			  0x08, 0x10, 0xa0, 0xc0, 0xe0, 0x00, 0x00,
	/* 0x21b5 'Ƶ' */	  5,  4,  0,  5,  6,
			  0x08, 0x48, 0xf8, 0x40, 0x00, 0x00, 0x00,
	/* 0x21ba 'ƺ' */	  5,  5,  0,  5,  6,
			  0x38, 0xb0, 0xa8, 0x88, 0x70, 0x00, 0x00,
	/* 0x21bb 'ƻ' */	  5,  5,  0,  5,  6,
			  0xe0, 0x68, 0xa8, 0x88, 0x70, 0x00, 0x00,
	/* 0x21bc 'Ƽ' */	  5,  2,  0,  4,  6,
			  0x40, 0xf8, 0x00,
	/* 0x21bd 'ƽ' */	  5,  2,  0,  3,  6,
			  0xf8, 0x40, 0x00,
	/* 0x21be 'ƾ' */	  2,  5,  2,  5,  6,
			  0x80, 0xc0, 0x80, 0x80, 0x80, 0x00, 0x00,
	/* 0x21bf 'ƿ' */	  3,  5,  0,  5,  6,
			  0x20, 0x60, 0x20, 0x20, 0x20, 0x00, 0x00,
	/* 0x21c4 'Ǆ' */	  5,  5,  0,  5,  6,
			  0x10, 0xf8, 0x50, 0xf8, 0x40, 0x00, 0x00,
	/* 0x21d0 'ǐ' */	  5,  5,  0,  5,  6,
			  0x20, 0x78, 0x80, 0x78, 0x20, 0x00, 0x00,
	/* 0x21d1 'Ǒ' */	  5,  5,  0,  5,  6,
			  0x20, 0x70, 0xd8, 0x50, 0x50, 0x00, 0x00,
	/* 0x21d2 'ǒ' */	  5,  5,  0,  5,  6,
			  0x20, 0xf0, 0x08, 0xf0, 0x20, 0x00, 0x00,
	/* 0x21d3 'Ǔ' */	  5,  5,  0,  5,  6,
			  0x50, 0x50, 0xd8, 0x50, 0x20, 0x00, 0x00,
	/* 0x21d4 'ǔ' */	  5,  5,  0,  5,  6,
			  0x20, 0x70, 0x88, 0x70, 0x20, 0x00, 0x00,
	/* 0x21d5 'Ǖ' */	  5,  5,  0,  5,  6,
			  0x20, 0x50, 0xd8, 0x50, 0x20, 0x00, 0x00,

};

static gp_glyph_offset font_arrows_offsets[] = {
	    0x0000,     0x0008,     0x0014,     0x001c,     0x0028,     0x0030,     0x003c,     0x0048,
	    0x0054,     0x0060, GP_NOGLYPH, GP_NOGLYPH, GP_NOGLYPH, GP_NOGLYPH, GP_NOGLYPH, GP_NOGLYPH,
	GP_NOGLYPH, GP_NOGLYPH, GP_NOGLYPH, GP_NOGLYPH, GP_NOGLYPH, GP_NOGLYPH, GP_NOGLYPH, GP_NOGLYPH,
	GP_NOGLYPH, GP_NOGLYPH, GP_NOGLYPH, GP_NOGLYPH, GP_NOGLYPH, GP_NOGLYPH, GP_NOGLYPH, GP_NOGLYPH,
	GP_NOGLYPH, GP_NOGLYPH, GP_NOGLYPH, GP_NOGLYPH, GP_NOGLYPH,     0x006c, GP_NOGLYPH, GP_NOGLYPH,
	GP_NOGLYPH, GP_NOGLYPH,     0x0078,     0x0084,     0x0090,     0x0098,     0x00a0,     0x00ac,
	GP_NOGLYPH, GP_NOGLYPH, GP_NOGLYPH, GP_NOGLYPH,     0x00b8, GP_NOGLYPH, GP_NOGLYPH, GP_NOGLYPH,
	GP_NOGLYPH, GP_NOGLYPH, GP_NOGLYPH, GP_NOGLYPH, GP_NOGLYPH, GP_NOGLYPH, GP_NOGLYPH, GP_NOGLYPH,
	    0x00c4,     0x00d0,     0x00dc,     0x00e8,     0x00f4,     0x0100, GP_NOGLYPH, GP_NOGLYPH,
	GP_NOGLYPH, GP_NOGLYPH, GP_NOGLYPH, GP_NOGLYPH, GP_NOGLYPH, GP_NOGLYPH, GP_NOGLYPH, GP_NOGLYPH,
	GP_NOGLYPH, GP_NOGLYPH, GP_NOGLYPH, GP_NOGLYPH, GP_NOGLYPH, GP_NOGLYPH, GP_NOGLYPH, GP_NOGLYPH,
	GP_NOGLYPH, GP_NOGLYPH, GP_NOGLYPH, GP_NOGLYPH, GP_NOGLYPH, GP_NOGLYPH, GP_NOGLYPH, GP_NOGLYPH,
	GP_NOGLYPH, GP_NOGLYPH, GP_NOGLYPH, GP_NOGLYPH, GP_NOGLYPH, GP_NOGLYPH, GP_NOGLYPH, GP_NOGLYPH,
	GP_NOGLYPH, GP_NOGLYPH, GP_NOGLYPH, GP_NOGLYPH, GP_NOGLYPH, GP_NOGLYPH, GP_NOGLYPH, GP_NOGLYPH,
};

static uint8_t font_box_glyphs[] = {
	/* 0x2500 'Ԁ' */	  5,  1,  0,  2,  6,
			  0xf8, 0x00, 0x00,
	/* 0x2501 'ԁ' */	  5,  3,  0,  3,  6,
			  0xf8, 0xf8, 0xf8,
	/* 0x2502 'Ԃ' */	  3,  7,  0,  5,  6,
			  0x20, 0x20, 0x20, 0x20, 0x20, 0x20, 0x20,
	/* 0x2503 'ԃ' */	  4,  7,  0,  5,  6,
			  0x70, 0x70, 0x70, 0x70, 0x70, 0x70, 0x70,
	/* 0x2504 'Ԅ' */	  5,  1,  0,  2,  6,
			  0xa8, 0x00, 0x00,
	/* 0x2505 'ԅ' */	  5,  3,  0,  3,  6,
			  0xa8, 0xa8, 0xa8,
	/* 0x2506 'Ԇ' */	  3,  7,  0,  5,  6,
			  0x20, 0x20, 0x00, 0x20, 0x00, 0x20, 0x20,
	/* 0x2507 'ԇ' */	  3,  7,  1,  5,  6,
			  0xe0, 0xe0, 0x00, 0xe0, 0x00, 0xe0, 0xe0,
	/* 0x2508 'Ԉ' */	  5,  1,  0,  2,  6,
			  0xa8, 0x00, 0x00,
	/* 0x2509 'ԉ' */	  5,  3,  0,  3,  6,
			  0xa8, 0xa8, 0xa8,
	/* 0x250a 'Ԋ' */	  3,  7,  0,  5,  6,
			  0x20, 0x00, 0x20, 0x00, 0x20, 0x00, 0x20,
	/* 0x250b 'ԋ' */	  3,  7,  1,  5,  6,
			  0xe0, 0x00, 0xe0, 0x00, 0xe0, 0x00, 0xe0,
	/* 0x250c 'Ԍ' */	  5,  4,  0,  2,  6,
			  0x38, 0x20, 0x20, 0x20, 0x00, 0x00, 0x00,
	/* 0x250d 'ԍ' */	  5,  5,  0,  3,  6,
			  0x38, 0x38, 0x38, 0x20, 0x20, 0x00, 0x00,
	/* 0x250e 'Ԏ' */	  5,  4,  0,  2,  6,
			  0x78, 0x70, 0x70, 0x70, 0x00, 0x00, 0x00,
	/* 0x250f 'ԏ' */	  5,  5,  0,  3,  6,
			  0x78, 0x78, 0x78, 0x70, 0x70, 0x00, 0x00,
	/* 0x2510 'Ԑ' */	  3,  4,  0,  2,  6,
			  0xe0, 0x20, 0x20, 0x20, 0x00, 0x00, 0x00,
	/* 0x2511 'ԑ' */	  3,  5,  0,  3,  6,
			  0xe0, 0xe0, 0xe0, 0x20, 0x20, 0x00, 0x00,
	/* 0x2512 'Ԓ' */	  4,  4,  0,  2,  6,
			  0xf0, 0x70, 0x70, 0x70, 0x00, 0x00, 0x00,
	/* 0x2513 'ԓ' */	  4,  5,  0,  3,  6,
			  0xf0, 0xf0, 0xf0, 0x70, 0x70, 0x00, 0x00,
	/* 0x2514 'Ԕ' */	  3,  4,  2,  5,  6,
			  0x80, 0x80, 0x80, 0xe0, 0x00, 0x00, 0x00,
	/* 0x2515 'ԕ' */	  3,  5,  2,  5,  6,
			  0x80, 0x80, 0xe0, 0xe0, 0xe0, 0x00, 0x00,
	/* 0x2516 'Ԗ' */	  4,  4,  1,  5,  6,
			  0xe0, 0xe0, 0xe0, 0xf0, 0x00, 0x00, 0x00,
	/* 0x2517 'ԗ' */	  4,  5,  1,  5,  6,
			  0xe0, 0xe0, 0xf0, 0xf0, 0xf0, 0x00, 0x00,
	/* 0x2518 'Ԙ' */	  3,  4,  0,  5,  6,
			  0x20, 0x20, 0x20, 0xe0, 0x00, 0x00, 0x00,
	/* 0x2519 'ԙ' */	  3,  5,  0,  5,  6,
			  0x20, 0x20, 0xe0, 0xe0, 0xe0, 0x00, 0x00,
	/* 0x251a 'Ԛ' */	  4,  4,  0,  5,  6,
			  0x70, 0x70, 0x70, 0xf0, 0x00, 0x00, 0x00,
	/* 0x251b 'ԛ' */	  4,  5,  0,  5,  6,
			  0x70, 0x70, 0xf0, 0xf0, 0xf0, 0x00, 0x00,
	/* 0x251c 'Ԝ' */	  5,  7,  0,  5,  6,
			  0x20, 0x20, 0x20, 0x38, 0x20, 0x20, 0x20,
	/* 0x251d 'ԝ' */	  5,  7,  0,  5,  6,
			  0x20, 0x20, 0x38, 0x38, 0x38, 0x20, 0x20,
	/* 0x251e 'Ԟ' */	  5,  7,  0,  5,  6,
			  0x70, 0x70, 0x70, 0x78, 0x20, 0x20, 0x20,
	/* 0x251f 'ԟ' */	  5,  7,  1,  5,  6,
			  0x40, 0x40, 0x40, 0xf0, 0xe0, 0xe0, 0xe0,
	/* 0x2520 'Ԡ' */	  5,  7,  0,  5,  6,
			  0x70, 0x70, 0x70, 0x78, 0x70, 0x70, 0x70,
	/* 0x2521 'ԡ' */	  4,  7,  1,  5,  6,
			  0xe0, 0xe0, 0xf0, 0xf0, 0xf0, 0x40, 0x40,
	/* 0x2522 'Ԣ' */	  5,  7,  0,  5,  6,
			  0x20, 0x20, 0x78, 0x78, 0x78, 0x70, 0x70,
	/* 0x2523 'ԣ' */	  5,  7,  0,  5,  6,
			  0x70, 0x70, 0x78, 0x78, 0x78, 0x70, 0x70,
	/* 0x2524 'Ԥ' */	  3,  7,  0,  5,  6,
			  0x20, 0x20, 0x20, 0xe0, 0x20, 0x20, 0x20,
	/* 0x2525 'ԥ' */	  3,  7,  0,  5,  6,
			  0x20, 0x20, 0xe0, 0xe0, 0xe0, 0x20, 0x20,
	/* 0x2526 'Ԧ' */	  4,  7,  0,  5,  6,
			  0x70, 0x70, 0x70, 0xf0, 0x20, 0x20, 0x20,
	/* 0x2527 'ԧ' */	  4,  7,  0,  5,  6,
			  0x20, 0x20, 0x20, 0xf0, 0x70, 0x70, 0x70,
	/* 0x2528 'Ԩ' */	  4,  7,  0,  5,  6,
			  0x70, 0x70, 0x70, 0xf0, 0x70, 0x70, 0x70,
	/* 0x2529 'ԩ' */	  4,  7,  0,  5,  6,
			  0x70, 0x70, 0xf0, 0xf0, 0xf0, 0x20, 0x20,
	/* 0x252a 'Ԫ' */	  4,  7,  0,  5,  6,
			  0x20, 0x20, 0xf0, 0xf0, 0xf0, 0x70, 0x70,
	/* 0x252b 'ԫ' */	  4,  7,  0,  5,  6,
			  0x70, 0x70, 0xf0, 0xf0, 0xf0, 0x70, 0x70,
	/* 0x252c 'Ԭ' */	  5,  4,  0,  2,  6,
			  0xf8, 0x20, 0x20, 0x20, 0x00, 0x00, 0x00,
	/* 0x252d 'ԭ' */	  5,  5,  0,  3,  6,
			  0xe0, 0xf8, 0xe0, 0x20, 0x20, 0x00, 0x00,
	/* 0x252e 'Ԯ' */	  5,  5,  0,  3,  6,
			  0x38, 0xf8, 0x38, 0x20, 0x20, 0x00, 0x00,
	/* 0x252f 'ԯ' */	  5,  5,  0,  3,  6,
			  0xf8, 0xf8, 0xf8, 0x20, 0x20, 0x00, 0x00,
	/* 0x2530 '԰' */	  5,  4,  0,  2,  6,
			  0xf8, 0x70, 0x70, 0x70, 0x00, 0x00, 0x00,
	/* 0x2531 'Ա' */	  5,  5,  0,  3,  6,
			  0xf0, 0xf8, 0xf0, 0x70, 0x70, 0x00, 0x00,
	/* 0x2532 'Բ' */	  5,  5,  0,  3,  6,
			  0x78, 0xf8, 0x78, 0x70, 0x70, 0x00, 0x00,
	/* 0x2533 'Գ' */	  5,  5,  0,  3,  6,
			  0xf8, 0xf8, 0xf8, 0x70, 0x70, 0x00, 0x00,
	/* 0x2534 'Դ' */	  5,  4,  0,  5,  6,
			  0x20, 0x20, 0x20, 0xf8, 0x00, 0x00, 0x00,
	/* 0x2535 'Ե' */	  5,  5,  0,  5,  6,
			  0x20, 0x20, 0xe0, 0xf8, 0xe0, 0x00, 0x00,
	/* 0x2536 'Զ' */	  5,  5,  0,  5,  6,
			  0x20, 0x20, 0x38, 0xf8, 0x38, 0x00, 0x00,
	/* 0x2537 'Է' */	  5,  5,  0,  5,  6,
			  0x20, 0x20, 0xf8, 0xf8, 0xf8, 0x00, 0x00,
	/* 0x2538 'Ը' */	  5,  4,  0,  5,  6,
			  0x70, 0x70, 0x70, 0xf8, 0x00, 0x00, 0x00,
	/* 0x2539 'Թ' */	  5,  5,  0,  5,  6,
			  0x70, 0x70, 0xf0, 0xf8, 0xf0, 0x00, 0x00,
	/* 0x253a 'Ժ' */	  5,  5,  0,  5,  6,
			  0x70, 0x70, 0x78, 0xf8, 0x78, 0x00, 0x00,
	/* 0x253b 'Ի' */	  5,  5,  0,  5,  6,
			  0x70, 0x70, 0xf8, 0xf8, 0xf8, 0x00, 0x00,
	/* 0x253c 'Լ' */	  5,  7,  0,  5,  6,
			  0x20, 0x20, 0x20, 0xf8, 0x20, 0x20, 0x20,
	/* 0x253d 'Խ' */	  5,  7,  0,  5,  6,
			  0x20, 0x20, 0xe0, 0xf8, 0xe0, 0x20, 0x20,
	/* 0x253e 'Ծ' */	  5,  7,  0,  5,  6,
			  0x20, 0x20, 0x38, 0xf8, 0x38, 0x20, 0x20,
	/* 0x253f 'Կ' */	  5,  7,  0,  5,  6,
			  0x20, 0x20, 0xf8, 0xf8, 0xf8, 0x20, 0x20,
	/* 0x2540 'Հ' */	  5,  7,  0,  5,  6,
			  0x70, 0x70, 0x70, 0xf8, 0x20, 0x20, 0x20,
	/* 0x2541 'Ձ' */	  5,  7,  0,  5,  6,
			  0x20, 0x20, 0x20, 0xf8, 0x70, 0x70, 0x70,
	/* 0x2542 'Ղ' */	  5,  7,  0,  5,  6,
			  0x70, 0x70, 0x70, 0xf8, 0x70, 0x70, 0x70,
	/* 0x2543 'Ճ' */	  5,  7,  0,  5,  6,
			  0x70, 0x70, 0xf0, 0xf8, 0xf0, 0x20, 0x20,
	/* 0x2544 'Մ' */	  5,  7,  0,  5,  6,
			  0x70, 0x70, 0x78, 0xf8, 0x78, 0x20, 0x20,
	/* 0x2545 'Յ' */	  5,  7,  0,  5,  6,
			  0x20, 0x20, 0xf0, 0xf8, 0xf0, 0x70, 0x70,
	/* 0x2546 'Ն' */	  5,  7,  0,  5,  6,
			  0x20, 0x20, 0x78, 0xf8, 0x78, 0x70, 0x70,
	/* 0x2547 'Շ' */	  5,  7,  0,  5,  6,
			  0x70, 0x70, 0xf8, 0xf8, 0xf8, 0x20, 0x20,
	/* 0x2548 'Ո' */	  5,  7,  0,  5,  6,
			  0x20, 0x20, 0xf8, 0xf8, 0xf8, 0x70, 0x70,
	/* 0x2549 'Չ' */	  5,  7,  0,  5,  6,
			  0x70, 0x70, 0xf0, 0xf8, 0xf0, 0x70, 0x70,
	/* 0x254a 'Պ' */	  5,  7,  0,  5,  6,
			  0x70, 0x70, 0x78, 0xf8, 0x78, 0x70, 0x70,
	/* 0x254b 'Ջ' */	  5,  7,  0,  5,  6,
			  0x70, 0x70, 0xf8, 0xf8, 0xf8, 0x70, 0x70,
	/* 0x254c 'Ռ' */	  5,  1,  0,  2,  6,
			  0xd8, 0x00, 0x00,
	/* 0x254d 'Ս' */	  5,  3,  0,  3,  6,
			  0xd8, 0xd8, 0xd8,
	/* 0x254e 'Վ' */	  1,  7,  2,  5,  6,
			  0x80, 0x80, 0x80, 0x00, 0x80, 0x80, 0x80,
	/* 0x254f 'Տ' */	  4,  7,  0,  5,  6,
			  0x70, 0x70, 0x70, 0x00, 0x70, 0x70, 0x70,
	/* 0x2550 'Ր' */	  5,  3,  0,  3,  6,
			  0xf8, 0x00, 0xf8,
	/* 0x2551 'Ց' */	  4,  7,  0,  5,  6,
			  0x50, 0x50, 0x50, 0x50, 0x50, 0x50, 0x50,
	/* 0x2552 'Ւ' */	  5,  5,  0,  3,  6,
			  0x38, 0x20, 0x38, 0x20, 0x20, 0x00, 0x00,
	/* 0x2553 'Փ' */	  5,  4,  0,  2,  6,
			  0x78, 0x50, 0x50, 0x50, 0x00, 0x00, 0x00,
	/* 0x2554 'Ք' */	  5,  5,  0,  3,  6,
			  0x78, 0x40, 0x58, 0x50, 0x50, 0x00, 0x00,
	/* 0x2555 'Օ' */	  3,  5,  0,  3,  6,
			  0xe0, 0x20, 0xe0, 0x20, 0x20, 0x00, 0x00,
	/* 0x2556 'Ֆ' */	  4,  4,  0,  2,  6,
			  0xf0, 0x50, 0x50, 0x50, 0x00, 0x00, 0x00,
	/* 0x2557 '՗' */	  4,  5,  0,  3,  6,
			  0xf0, 0x10, 0xd0, 0x50, 0x50, 0x00, 0x00,
	/* 0x2558 '՘' */	  5,  5,  0,  5,  6,
			  0x20, 0x20, 0x38, 0x20, 0x38, 0x00, 0x00,
	/* 0x2559 'ՙ' */	  4,  4,  1,  5,  6,
			  0xa0, 0xa0, 0xa0, 0xf0, 0x00, 0x00, 0x00,
	/* 0x255a '՚' */	  4,  5,  1,  5,  6,
			  0xa0, 0xa0, 0xb0, 0x80, 0xf0, 0x00, 0x00,
	/* 0x255b '՛' */	  3,  5,  0,  5,  6,
			  0x20, 0x20, 0xe0, 0x20, 0xe0, 0x00, 0x00,
	/* 0x255c '՜' */	  4,  4,  0,  5,  6,
			  0x50, 0x50, 0x50, 0xf0, 0x00, 0x00, 0x00,
	/* 0x255d '՝' */	  4,  5,  0,  5,  6,
			  0x50, 0x50, 0xd0, 0x10, 0xf0, 0x00, 0x00,
	/* 0x255e '՞' */	  3,  7,  2,  5,  6,
			  0x80, 0x80, 0xe0, 0x80, 0xe0, 0x80, 0x80,
	/* 0x255f '՟' */	  4,  7,  1,  5,  6,
			  0xa0, 0xa0, 0xa0, 0xb0, 0xa0, 0xa0, 0xa0,
	/* 0x2560 'ՠ' */	  5,  7,  0,  5,  6,
			  0x50, 0x50, 0x58, 0x40, 0x58, 0x50, 0x50,
	/* 0x2561 'ա' */	  3,  7,  0,  5,  6,
			  0x20, 0x20, 0xe0, 0x20, 0xe0, 0x20, 0x20,
	/* 0x2562 'բ' */	  4,  7,  0,  5,  6,
			  0x50, 0x50, 0x50, 0xd0, 0x50, 0x50, 0x50,
	/* 0x2563 'գ' */	  4,  7,  0,  5,  6,
			  0x50, 0x50, 0xd0, 0x10, 0xd0, 0x50, 0x50,
	/* 0x2564 'դ' */	  5,  5,  0,  3,  6,
			  0xf8, 0x00, 0xf8, 0x20, 0x20, 0x00, 0x00,
	/* 0x2565 'ե' */	  5,  4,  0,  2,  6,
			  0xf8, 0x50, 0x50, 0x50, 0x00, 0x00, 0x00,
	/* 0x2566 'զ' */	  5,  5,  0,  3,  6,
			  0xf8, 0x00, 0xd8, 0x50, 0x50, 0x00, 0x00,
	/* 0x2567 'է' */	  5,  5,  0,  5,  6,
			  0x20, 0x20, 0xf8, 0x00, 0xf8, 0x00, 0x00,
	/* 0x2568 'ը' */	  5,  4,  0,  5,  6,
			  0x50, 0x50, 0x50, 0xf8, 0x00, 0x00, 0x00,
	/* 0x2569 'թ' */	  5,  5,  0,  5,  6,
			  0x50, 0x50, 0xd8, 0x00, 0xf8, 0x00, 0x00,
	/* 0x256a 'ժ' */	  5,  7,  0,  5,  6,
			  0x20, 0x20, 0xf8, 0x00, 0xf8, 0x20, 0x20,
	/* 0x256b 'ի' */	  5,  7,  0,  5,  6,
			  0x50, 0x50, 0x50, 0xd8, 0x50, 0x50, 0x50,
	/* 0x256c 'լ' */	  5,  7,  0,  5,  6,
			  0x50, 0x50, 0xd8, 0x00, 0xd8, 0x50, 0x50,
	/* 0x256d 'խ' */	  5,  4,  0,  2,  6,
			  0x18, 0x20, 0x20, 0x20, 0x00, 0x00, 0x00,
	/* 0x256e 'ծ' */	  3,  4,  0,  2,  6,
			  0xc0, 0x20, 0x20, 0x20, 0x00, 0x00, 0x00,
	/* 0x256f 'կ' */	  3,  4,  0,  5,  6,
			  0x20, 0x20, 0x20, 0xc0, 0x00, 0x00, 0x00,
	/* 0x2570 'հ' */	  3,  4,  2,  5,  6,
			  0x80, 0x80, 0x80, 0x60, 0x00, 0x00, 0x00,
	/* 0x2571 'ձ' */	  5,  7,  0,  5,  6,
			  0x08, 0x10, 0x10, 0x20, 0x40, 0x40, 0x80,
	/* 0x2572 'ղ' */	  5,  7,  0,  5,  6,
			  0x80, 0x40, 0x40, 0x20, 0x10, 0x10, 0x08,
	/* 0x2573 'ճ' */	  5,  7,  0,  5,  6,
			  0x88, 0x50, 0x50, 0x20, 0x50, 0x50, 0x88,
	/* 0x2574 'մ' */	  3,  1,  0,  2,  6,
			  0xe0, 0x00, 0x00,
	/* 0x2575 'յ' */	  1,  4,  2,  5,  6,
			  0x80, 0x80, 0x80, 0x80, 0x00, 0x00, 0x00,
	/* 0x2576 'ն' */	  3,  1,  2,  2,  6,
			  0xe0, 0x00, 0x00,
	/* 0x2577 'շ' */	  3,  4,  0,  2,  6,
			  0x20, 0x20, 0x20, 0x20, 0x00, 0x00, 0x00,
	/* 0x2578 'ո' */	  3,  3,  0,  3,  6,
			  0xe0, 0xe0, 0xe0,
	/* 0x2579 'չ' */	  3,  4,  1,  5,  6,
			  0xe0, 0xe0, 0xe0, 0xe0, 0x00, 0x00, 0x00,
	/* 0x257a 'պ' */	  5,  3,  0,  3,  6,
			  0x38, 0x38, 0x38,
	/* 0x257b 'ջ' */	  4,  4,  0,  2,  6,
			  0x70, 0x70, 0x70, 0x70, 0x00, 0x00, 0x00,
	/* 0x257c 'ռ' */	  5,  3,  0,  3,  6,
			  0x38, 0xf8, 0x38,
	/* 0x257d 'ս' */	  4,  7,  0,  5,  6,
			  0x20, 0x20, 0x20, 0x70, 0x70, 0x70, 0x70,
	/* 0x257e 'վ' */	  5,  3,  0,  3,  6,
			  0xe0, 0xf8, 0xe0,
	/* 0x257f 'տ' */	  3,  7,  1,  5,  6,
			  0xe0, 0xe0, 0xe0, 0xe0, 0x40, 0x40, 0x40,

};

static gp_glyph_offset font_box_offsets[] = {
	    0x0000,     0x0008,     0x0010,     0x001c,     0x0028,     0x0030,     0x0038,     0x0044,
	    0x0050,     0x0058,     0x0060,     0x006c,     0x0078,     0x0084,     0x0090,     0x009c,
	    0x00a8,     0x00b4,     0x00c0,     0x00cc,     0x00d8,     0x00e4,     0x00f0,     0x00fc,
	    0x0108,     0x0114,     0x0120,     0x012c,     0x0138,     0x0144,     0x0150,     0x015c,
	    0x0168,     0x0174,     0x0180,     0x018c,     0x0198,     0x01a4,     0x01b0,     0x01bc,
	    0x01c8,     0x01d4,     0x01e0,     0x01ec,     0x01f8,     0x0204,     0x0210,     0x021c,
	    0x0228,     0x0234,     0x0240,     0x024c,     0x0258,     0x0264,     0x0270,     0x027c,
	    0x0288,     0x0294,     0x02a0,     0x02ac,     0x02b8,     0x02c4,     0x02d0,     0x02dc,
	    0x02e8,     0x02f4,     0x0300,     0x030c,     0x0318,     0x0324,     0x0330,     0x033c,
	    0x0348,     0x0354,     0x0360,     0x036c,     0x0378,     0x0380,     0x0388,     0x0394,
	    0x03a0,     0x03a8,     0x03b4,     0x03c0,     0x03cc,     0x03d8,     0x03e4,     0x03f0,
	    0x03fc,     0x0408,     0x0414,     0x0420,     0x042c,     0x0438,     0x0444,     0x0450,
	    0x045c,     0x0468,     0x0474,     0x0480,     0x048c,     0x0498,     0x04a4,     0x04b0,
	    0x04bc,     0x04c8,     0x04d4,     0x04e0,     0x04ec,     0x04f8,     0x0504,     0x0510,
	    0x051c,     0x0528,     0x0534,     0x0540,     0x054c,     0x0554,     0x0560,     0x0568,
	    0x0574,     0x057c,     0x0588,     0x0590,     0x059c,     0x05a4,     0x05b0,     0x05b8,
};

static struct gp_font_face font = {
	.family_name = "haxor_tiny",
	.style = GP_FONT_MONO,
	.ascent = 5,
	.descent = 2,
	.max_glyph_width = 5,
	.max_glyph_advance = 6,
	.em = 12,
	.x_height = 4,
	.cap_height = 5,
	.ch_width = 6,
	.underline_pos = -1,
	.underline_thickness = 1,
	.strike_pos = 2,
	.strike_thickness = 1,
	.glyph_tables = 8,
	.glyphs = {
		{
			.glyphs = font_glyphs,
			.offsets = font_offsets,
			.min_glyph = 0x20,
			.max_glyph = 0x7f,
		},
		{
			.glyphs = font_latin_ext_glyphs,
			.offsets = font_latin_ext_offsets,
			.min_glyph = 0xa1,
			.max_glyph = 0x17e,
		},
		{
			.glyphs = font_greek_glyphs,
			.offsets = font_greek_offsets,
			.min_glyph = 0x384,
			.max_glyph = 0x3ce,
		},
		{
			.glyphs = font_cyrilic_glyphs,
			.offsets = font_cyrilic_offsets,
			.min_glyph = 0x400,
			.max_glyph = 0x45f,
		},
		{
			.glyphs = font_punctuation_glyphs,
			.offsets = font_punctuation_offsets,
			.min_glyph = 0x2018,
			.max_glyph = 0x2037,
		},
		{
			.glyphs = font_subsuper_glyphs,
			.offsets = font_subsuper_offsets,
			.min_glyph = 0x2070,
			.max_glyph = 0x208e,
		},
		{
			.glyphs = font_arrows_glyphs,
			.offsets = font_arrows_offsets,
			.min_glyph = 0x2190,
			.max_glyph = 0x21ff,
		},
		{
			.glyphs = font_box_glyphs,
			.offsets = font_box_offsets,
			.min_glyph = 0x2500,
			.max_glyph = 0x257f,
		},

	}
};


static uint8_t font_bold_glyphs[] = {
	/* ' ' */	  0,  0,  0,  0,  6,
			  0x00, 0x00, 0x00,
	/* '!' */	  2,  5,  2,  5,  6,
			  0xc0, 0xc0, 0xc0, 0x00, 0xc0, 0x00, 0x00,
	/* '"' */	  4,  2,  1,  5,  6,
			  0xf0, 0xf0, 0x00,
	/* '#' */	  5,  5,  0,  5,  6,
			  0x78, 0xfc, 0x78, 0xfc, 0x78, 0x00, 0x00,
	/* '$' */	  4,  5,  1,  5,  6,
			  0x60, 0x70, 0xe0, 0x70, 0xe0, 0x00, 0x00,
	/* '%' */	  5,  5,  0,  5,  6,
			  0xf8, 0xd8, 0x30, 0x6c, 0x7c, 0x00, 0x00,
	/* '&' */	  5,  5,  0,  5,  6,
			  0x70, 0xd8, 0x60, 0xf0, 0xf8, 0x00, 0x00,
	/* ''' */	  2,  2,  2,  5,  6,
			  0xc0, 0xc0, 0x00,
	/* '(' */	  3,  5,  1,  5,  6,
			  0x60, 0xc0, 0xc0, 0xc0, 0x60, 0x00, 0x00,
	/* ')' */	  3,  5,  1,  5,  6,
			  0xc0, 0x60, 0x60, 0x60, 0xc0, 0x00, 0x00,
	/* '*' */	  4,  3,  0,  4,  6,
			  0xf0, 0x60, 0xf0,
	/* '+' */	  4,  3,  0,  4,  6,
			  0x60, 0xf0, 0x60,
	/* ',' */	  5,  2,  0,  1,  6,
			  0x38, 0x18, 0x00,
	/* '-' */	  4,  1,  0,  3,  6,
			  0xf0, 0x00, 0x00,
	/* '.' */	  4,  1,  0,  1,  6,
			  0x30, 0x00, 0x00,
	/* '/' */	  5,  5,  0,  5,  6,
			  0x18, 0x18, 0x30, 0x60, 0x60, 0x00, 0x00,
	/* '0' */	  5,  5,  0,  5,  6,
			  0x70, 0xf8, 0xd8, 0xf8, 0x70, 0x00, 0x00,
	/* '1' */	  4,  5,  1,  5,  6,
			  0x60, 0xe0, 0x60, 0x60, 0xf0, 0x00, 0x00,
	/* '2' */	  5,  5,  0,  5,  6,
			  0xf0, 0x18, 0x70, 0xc0, 0xf8, 0x00, 0x00,
	/* '3' */	  5,  5,  0,  5,  6,
			  0xf0, 0x18, 0x70, 0x18, 0xf0, 0x00, 0x00,
	/* '4' */	  5,  5,  0,  5,  6,
			  0x30, 0x70, 0xf0, 0xf8, 0x30, 0x00, 0x00,
	/* '5' */	  5,  5,  0,  5,  6,
			  0xf8, 0xc0, 0xf0, 0x18, 0xf0, 0x00, 0x00,
	/* '6' */	  5,  5,  0,  5,  6,
			  0x70, 0xc0, 0xf0, 0xd8, 0x70, 0x00, 0x00,
	/* '7' */	  5,  5,  0,  5,  6,
			  0xf8, 0x18, 0x30, 0x60, 0x60, 0x00, 0x00,
	/* '8' */	  5,  5,  0,  5,  6,
			  0x70, 0xd8, 0x70, 0xd8, 0x70, 0x00, 0x00,
	/* '9' */	  5,  5,  0,  5,  6,
			  0x70, 0xd8, 0x78, 0x18, 0x70, 0x00, 0x00,
	/* ':' */	  2,  3,  2,  4,  6,
			  0xc0, 0x00, 0xc0,
	/* ';' */	  2,  4,  2,  4,  6,
			  0xc0, 0x00, 0xc0, 0xc0, 0x00, 0x00, 0x00,
	/* '<' */	  5,  5,  0,  5,  6,
			  0x18, 0x30, 0x60, 0x30, 0x18, 0x00, 0x00,
	/* '=' */	  5,  3,  1,  4,  6,
			  0xf8, 0x00, 0xf8,
	/* '>' */	  5,  5,  0,  5,  6,
			  0x60, 0x30, 0x18, 0x30, 0x60, 0x00, 0x00,
	/* '?' */	  5,  5,  0,  5,  6,
			  0xf0, 0x18, 0x70, 0x00, 0x60, 0x00, 0x00,
	/* '@' */	  5,  5,  0,  5,  6,
			  0x70, 0xd8, 0xf8, 0xc0, 0x78, 0x00, 0x00,
	/* 'A' */	  5,  5,  0,  5,  6,
			  0x70, 0xd8, 0xf8, 0xd8, 0xd8, 0x00, 0x00,
	/* 'B' */	  5,  5,  0,  5,  6,
			  0xf0, 0xd8, 0xf0, 0xd8, 0xf0, 0x00, 0x00,
	/* 'C' */	  5,  5,  0,  5,  6,
			  0x70, 0xd8, 0xc0, 0xd8, 0x70, 0x00, 0x00,
	/* 'D' */	  5,  5,  0,  5,  6,
			  0xf0, 0xd8, 0xd8, 0xd8, 0xf0, 0x00, 0x00,
	/* 'E' */	  5,  5,  0,  5,  6,
			  0xf8, 0xc0, 0xf0, 0xc0, 0xf8, 0x00, 0x00,
	/* 'F' */	  5,  5,  0,  5,  6,
			  0xf8, 0xc0, 0xf0, 0xc0, 0xc0, 0x00, 0x00,
	/* 'G' */	  5,  5,  0,  5,  6,
			  0x70, 0xc0, 0xf8, 0xd8, 0x70, 0x00, 0x00,
	/* 'H' */	  5,  5,  0,  5,  6,
			  0xd8, 0xd8, 0xf8, 0xd8, 0xd8, 0x00, 0x00,
	/* 'I' */	  4,  5,  1,  5,  6,
			  0xf0, 0x60, 0x60, 0x60, 0xf0, 0x00, 0x00,
	/* 'J' */	  5,  5,  0,  5,  6,
			  0xf8, 0x18, 0x18, 0xd8, 0x70, 0x00, 0x00,
	/* 'K' */	  5,  5,  0,  5,  6,
			  0xd8, 0xf0, 0xe0, 0xf0, 0xd8, 0x00, 0x00,
	/* 'L' */	  5,  5,  0,  5,  6,
			  0xc0, 0xc0, 0xc0, 0xc0, 0xf8, 0x00, 0x00,
	/* 'M' */	  5,  5,  0,  5,  6,
			  0xd8, 0xf8, 0xd8, 0xd8, 0xd8, 0x00, 0x00,
	/* 'N' */	  5,  5,  0,  5,  6,
			  0xd8, 0xf8, 0xf8, 0xd8, 0xd8, 0x00, 0x00,
	/* 'O' */	  5,  5,  0,  5,  6,
			  0x70, 0xd8, 0xd8, 0xd8, 0x70, 0x00, 0x00,
	/* 'P' */	  5,  5,  0,  5,  6,
			  0xf0, 0xd8, 0xf0, 0xc0, 0xc0, 0x00, 0x00,
	/* 'Q' */	  5,  5,  0,  5,  6,
			  0x70, 0xd8, 0xd8, 0xf0, 0x78, 0x00, 0x00,
	/* 'R' */	  5,  5,  0,  5,  6,
			  0xf0, 0xd8, 0xf0, 0xf0, 0xd8, 0x00, 0x00,
	/* 'S' */	  5,  5,  0,  5,  6,
			  0x78, 0xc0, 0x70, 0x18, 0xf0, 0x00, 0x00,
	/* 'T' */	  4,  5,  1,  5,  6,
			  0xf0, 0x60, 0x60, 0x60, 0x60, 0x00, 0x00,
	/* 'U' */	  5,  5,  0,  5,  6,
			  0xd8, 0xd8, 0xd8, 0xd8, 0x70, 0x00, 0x00,
	/* 'V' */	  5,  5,  0,  5,  6,
			  0xcc, 0xcc, 0x78, 0x78, 0x30, 0x00, 0x00,
	/* 'W' */	  5,  5,  0,  5,  6,
			  0xcc, 0xcc, 0xfc, 0xfc, 0x78, 0x00, 0x00,
	/* 'X' */	  5,  5,  0,  5,  6,
			  0xd8, 0xd8, 0x70, 0xd8, 0xd8, 0x00, 0x00,
	/* 'Y' */	  4,  5,  1,  5,  6,
			  0xf0, 0xf0, 0x60, 0x60, 0x60, 0x00, 0x00,
	/* 'Z' */	  5,  5,  0,  5,  6,
			  0xf8, 0x18, 0x70, 0xc0, 0xf8, 0x00, 0x00,
	/* '[' */	  4,  5,  0,  5,  6,
			  0xf0, 0xc0, 0xc0, 0xc0, 0xf0, 0x00, 0x00,
	/* '\' */	  4,  5,  0,  5,  6,
			  0xc0, 0xc0, 0x60, 0x30, 0x30, 0x00, 0x00,
	/* ']' */	  4,  5,  0,  5,  6,
			  0xf0, 0x30, 0x30, 0x30, 0xf0, 0x00, 0x00,
	/* '^' */	  4,  2,  1,  5,  6,
			  0x60, 0xf0, 0x00,
	/* '_' */	  5,  1,  0,  1,  6,
			  0xf8, 0x00, 0x00,
	/* '`' */	  3,  2,  2,  5,  6,
			  0xc0, 0x60, 0x00,
	/* 'a' */	  5,  4,  0,  4,  6,
			  0x70, 0xd8, 0xd8, 0x78, 0x00, 0x00, 0x00,
	/* 'b' */	  5,  5,  0,  5,  6,
			  0xc0, 0xf0, 0xd8, 0xd8, 0xf0, 0x00, 0x00,
	/* 'c' */	  5,  4,  0,  4,  6,
			  0x78, 0xc0, 0xc0, 0x78, 0x00, 0x00, 0x00,
	/* 'd' */	  5,  5,  0,  5,  6,
			  0x18, 0x78, 0xd8, 0xd8, 0x78, 0x00, 0x00,
	/* 'e' */	  5,  4,  0,  4,  6,
			  0x70, 0xf8, 0xc0, 0x78, 0x00, 0x00, 0x00,
	/* 'f' */	  5,  6,  0,  4,  6,
			  0x78, 0xc0, 0xf0, 0xc0, 0xc0, 0xc0, 0x00,
	/* 'g' */	  5,  6,  0,  4,  6,
			  0x78, 0xd8, 0xd8, 0x78, 0x18, 0x70, 0x00,
	/* 'h' */	  5,  5,  0,  5,  6,
			  0xc0, 0xf0, 0xd8, 0xd8, 0xd8, 0x00, 0x00,
	/* 'i' */	  4,  4,  1,  4,  6,
			  0xe0, 0x60, 0x60, 0xf0, 0x00, 0x00, 0x00,
	/* 'j' */	  5,  7,  0,  5,  6,
			  0x18, 0x00, 0x38, 0x18, 0x18, 0xd8, 0x70,
	/* 'k' */	  5,  5,  0,  5,  6,
			  0xc0, 0xf8, 0xe0, 0xf0, 0xd8, 0x00, 0x00,
	/* 'l' */	  4,  5,  1,  5,  6,
			  0xc0, 0xc0, 0xc0, 0xc0, 0x70, 0x00, 0x00,
	/* 'm' */	  5,  4,  0,  4,  6,
			  0x78, 0xfc, 0xfc, 0xfc, 0x00, 0x00, 0x00,
	/* 'n' */	  5,  4,  0,  4,  6,
			  0xf0, 0xd8, 0xd8, 0xd8, 0x00, 0x00, 0x00,
	/* 'o' */	  5,  4,  0,  4,  6,
			  0x70, 0xd8, 0xd8, 0x70, 0x00, 0x00, 0x00,
	/* 'p' */	  5,  6,  0,  4,  6,
			  0xf0, 0xd8, 0xd8, 0xf0, 0xc0, 0xc0, 0x00,
	/* 'q' */	  5,  6,  0,  4,  6,
			  0x78, 0xd8, 0xd8, 0x78, 0x18, 0x18, 0x00,
	/* 'r' */	  5,  4,  0,  4,  6,
			  0xf0, 0xf8, 0xc0, 0xc0, 0x00, 0x00, 0x00,
	/* 's' */	  5,  4,  0,  4,  6,
			  0x78, 0xe0, 0x38, 0xf0, 0x00, 0x00, 0x00,
	/* 't' */	  5,  5,  0,  5,  6,
			  0x60, 0xf8, 0x60, 0x60, 0x38, 0x00, 0x00,
	/* 'u' */	  5,  4,  0,  4,  6,
			  0xd8, 0xd8, 0xd8, 0x78, 0x00, 0x00, 0x00,
	/* 'v' */	  5,  4,  0,  4,  6,
			  0xd8, 0xd8, 0xd8, 0x70, 0x00, 0x00, 0x00,
	/* 'w' */	  5,  4,  0,  4,  6,
			  0xcc, 0xfc, 0xfc, 0x78, 0x00, 0x00, 0x00,
	/* 'x' */	  5,  4,  0,  4,  6,
			  0xd8, 0x70, 0x70, 0xd8, 0x00, 0x00, 0x00,
	/* 'y' */	  5,  6,  0,  4,  6,
			  0xd8, 0xd8, 0xd8, 0x78, 0x18, 0x70, 0x00,
	/* 'z' */	  5,  4,  0,  4,  6,
			  0xf8, 0x30, 0x60, 0xf8, 0x00, 0x00, 0x00,
	/* '{' */	  3,  5,  1,  5,  6,
			  0x60, 0xc0, 0x60, 0xc0, 0x60, 0x00, 0x00,
	/* '|' */	  4,  5,  0,  5,  6,
			  0x30, 0x30, 0x30, 0x30, 0x30, 0x00, 0x00,
	/* '}' */	  3,  5,  1,  5,  6,
			  0xc0, 0x60, 0xc0, 0x60, 0xc0, 0x00, 0x00,
	/* '~' */	  5,  2,  0,  4,  6,
			  0x78, 0xf0, 0x00,

};

static gp_glyph_offset font_bold_offsets[] = {
	    0x0000,     0x0008,     0x0014,     0x001c,     0x0028,     0x0034,     0x0040,     0x004c,
	    0x0054,     0x0060,     0x006c,     0x0074,     0x007c,     0x0084,     0x008c,     0x0094,
	    0x00a0,     0x00ac,     0x00b8,     0x00c4,     0x00d0,     0x00dc,     0x00e8,     0x00f4,
	    0x0100,     0x010c,     0x0118,     0x0120,     0x012c,     0x0138,     0x0140,     0x014c,
	    0x0158,     0x0164,     0x0170,     0x017c,     0x0188,     0x0194,     0x01a0,     0x01ac,
	    0x01b8,     0x01c4,     0x01d0,     0x01dc,     0x01e8,     0x01f4,     0x0200,     0x020c,
	    0x0218,     0x0224,     0x0230,     0x023c,     0x0248,     0x0254,     0x0260,     0x026c,
	    0x0278,     0x0284,     0x0290,     0x029c,     0x02a8,     0x02b4,     0x02c0,     0x02c8,
	    0x02d0,     0x02d8,     0x02e4,     0x02f0,     0x02fc,     0x0308,     0x0314,     0x0320,
	    0x032c,     0x0338,     0x0344,     0x0350,     0x035c,     0x0368,     0x0374,     0x0380,
	    0x038c,     0x0398,     0x03a4,     0x03b0,     0x03bc,     0x03c8,     0x03d4,     0x03e0,
	    0x03ec,     0x03f8,     0x0404,     0x0410,     0x041c,     0x0428,     0x0434, 
};

static uint8_t font_bold_latin_ext_glyphs[] = {
	/* 0xa1 '¡' */	  2,  5,  2,  5,  6,
			  0xc0, 0x00, 0xc0, 0xc0, 0xc0, 0x00, 0x00,
	/* 0xa2 '¢' */	  5,  6,  0,  5,  6,
			  0x30, 0x78, 0xf0, 0xf0, 0x78, 0x30, 0x00,
	/* 0xa3 '£' */	  5,  5,  0,  5,  6,
			  0x38, 0x60, 0xf0, 0x6c, 0xf8, 0x00, 0x00,
	/* 0xa4 '¤' */	  5,  5,  0,  5,  6,
			  0xfc, 0x78, 0xfc, 0x78, 0xfc, 0x00, 0x00,
	/* 0xa5 '¥' */	  4,  5,  1,  5,  6,
			  0xf0, 0x60, 0xf0, 0x60, 0xf0, 0x00, 0x00,
	/* 0xa6 '¦' */	  4,  5,  0,  5,  6,
			  0x30, 0x30, 0x00, 0x30, 0x30, 0x00, 0x00,
	/* 0xa7 '§' */	  4,  5,  1,  5,  6,
			  0xf0, 0x60, 0xf0, 0x60, 0xf0, 0x00, 0x00,
	/* 0xa8 '¨' */	  4,  1,  1,  5,  6,
			  0xf0, 0x00, 0x00,
	/* 0xa9 '©' */	  5,  5,  0,  5,  6,
			  0x78, 0xcc, 0xfc, 0xcc, 0x78, 0x00, 0x00,
	/* 0xaa 'ª' */	  5,  4,  1,  5,  6,
			  0x60, 0x30, 0xf0, 0x78, 0x00, 0x00, 0x00,
	/* 0xab '«' */	  5,  5,  0,  5,  6,
			  0x3c, 0x78, 0xf0, 0x78, 0x3c, 0x00, 0x00,
	/* 0xac '¬' */	  4,  2,  1,  3,  6,
			  0xf0, 0x30, 0x00,
	/* 0xad '­' */	  5,  1,  0,  3,  6,
			  0xf8, 0x00, 0x00,
	/* 0xae '®' */	  5,  5,  0,  5,  6,
			  0x78, 0xcc, 0xfc, 0xfc, 0x78, 0x00, 0x00,
	/* 0xaf '¯' */	  5,  1,  0,  5,  6,
			  0xf8, 0x00, 0x00,
	/* 0xb0 '°' */	  4,  3,  1,  5,  6,
			  0x60, 0xf0, 0x60,
	/* 0xb1 '±' */	  4,  5,  1,  5,  6,
			  0x60, 0xf0, 0x60, 0x00, 0xf0, 0x00, 0x00,
	/* 0xb2 '²' */	  4,  4,  1,  5,  6,
			  0xe0, 0x30, 0x60, 0xf0, 0x00, 0x00, 0x00,
	/* 0xb3 '³' */	  4,  4,  1,  5,  6,
			  0xe0, 0x70, 0x30, 0xe0, 0x00, 0x00, 0x00,
	/* 0xb4 '´' */	  3,  2,  2,  5,  6,
			  0x60, 0xc0, 0x00,
	/* 0xb5 'µ' */	  5,  6,  0,  4,  6,
			  0xf0, 0xf0, 0xf0, 0xf8, 0xc0, 0xc0, 0x00,
	/* 0xb6 '¶' */	  5,  5,  0,  5,  6,
			  0xf8, 0xf8, 0xf8, 0x78, 0x78, 0x00, 0x00,
	/* 0xb7 '·' */	  2,  1,  2,  3,  6,
			  0xc0, 0x00, 0x00,
	/* 0xb8 '¸' */	  3,  2,  2,  0,  6,
			  0x60, 0xe0, 0x00,
	/* 0xb9 '¹' */	  4,  4,  1,  5,  6,
			  0x60, 0xe0, 0x60, 0xf0, 0x00, 0x00, 0x00,
	/* 0xba 'º' */	  4,  4,  1,  5,  6,
			  0x60, 0xf0, 0xf0, 0x60, 0x00, 0x00, 0x00,
	/* 0xbb '»' */	  5,  5,  0,  5,  6,
			  0xf0, 0x78, 0x3c, 0x78, 0xf0, 0x00, 0x00,
	/* 0xbc '¼' */	  5,  2,  0,  2,  6,
			  0x38, 0x38, 0x00,
	/* 0xbd '½' */	  5,  4,  0,  4,  6,
			  0x38, 0x38, 0x38, 0x38, 0x00, 0x00, 0x00,
	/* 0xbe '¾' */	  5,  4,  0,  4,  6,
			  0x38, 0x38, 0xf8, 0xf8, 0x00, 0x00, 0x00,
	/* 0xbf '¿' */	  5,  5,  0,  5,  6,
			  0x60, 0x00, 0x70, 0x18, 0xf0, 0x00, 0x00,
	/* 0xc0 'À' */	  5,  5,  0,  5,  6,
			  0xf0, 0x78, 0x78, 0x78, 0x78, 0x00, 0x00,
	/* 0xc1 'Á' */	  5,  5,  0,  5,  6,
			  0x78, 0xf0, 0xf0, 0xf0, 0xf0, 0x00, 0x00,
	/* 0xc2 'Â' */	  5,  5,  0,  5,  6,
			  0x70, 0x70, 0xd8, 0xf8, 0xd8, 0x00, 0x00,
	/* 0xc3 'Ã' */	  5,  5,  0,  5,  6,
			  0x70, 0x70, 0xd8, 0xf8, 0xd8, 0x00, 0x00,
	/* 0xc4 'Ä' */	  5,  5,  0,  5,  6,
			  0xd8, 0x70, 0xd8, 0xf8, 0xd8, 0x00, 0x00,
	/* 0xc5 'Å' */	  5,  5,  0,  5,  6,
			  0x70, 0x70, 0xd8, 0xf8, 0xd8, 0x00, 0x00,
	/* 0xc6 'Æ' */	  5,  5,  0,  5,  6,
			  0x78, 0xf0, 0xf8, 0xf0, 0xf8, 0x00, 0x00,
	/* 0xc7 'Ç' */	  5,  7,  0,  5,  6,
			  0x70, 0xd8, 0xc0, 0xd8, 0x70, 0x30, 0x60,
	/* 0xc8 'È' */	  5,  5,  0,  5,  6,
			  0xf8, 0x60, 0x70, 0x60, 0x78, 0x00, 0x00,
	/* 0xc9 'É' */	  5,  5,  0,  5,  6,
			  0xf8, 0xc0, 0xf0, 0xc0, 0xf8, 0x00, 0x00,
	/* 0xca 'Ê' */	  5,  5,  0,  5,  6,
			  0xfc, 0xc0, 0xf0, 0xc0, 0xf8, 0x00, 0x00,
	/* 0xcb 'Ë' */	  5,  5,  0,  5,  6,
			  0xfc, 0xc0, 0xf0, 0xc0, 0xf8, 0x00, 0x00,
	/* 0xcc 'Ì' */	  5,  5,  0,  5,  6,
			  0xf8, 0x30, 0x30, 0x30, 0x78, 0x00, 0x00,
	/* 0xcd 'Í' */	  5,  5,  0,  5,  6,
			  0xfc, 0x60, 0x60, 0x60, 0xf0, 0x00, 0x00,
	/* 0xce 'Î' */	  4,  5,  1,  5,  6,
			  0xf0, 0xf0, 0x60, 0x60, 0xf0, 0x00, 0x00,
	/* 0xcf 'Ï' */	  4,  5,  1,  5,  6,
			  0xf0, 0xf0, 0x60, 0x60, 0xf0, 0x00, 0x00,
	/* 0xd0 'Ð' */	  5,  5,  0,  5,  6,
			  0xf0, 0xd8, 0xf8, 0xd8, 0xf0, 0x00, 0x00,
	/* 0xd1 'Ñ' */	  5,  5,  0,  5,  6,
			  0x70, 0xd8, 0xf8, 0xf8, 0xd8, 0x00, 0x00,
	/* 0xd2 'Ò' */	  5,  5,  0,  5,  6,
			  0xf0, 0x78, 0x78, 0x78, 0x30, 0x00, 0x00,
	/* 0xd3 'Ó' */	  5,  5,  0,  5,  6,
			  0x78, 0xf0, 0xf0, 0xf0, 0x60, 0x00, 0x00,
	/* 0xd4 'Ô' */	  5,  5,  0,  5,  6,
			  0x70, 0x70, 0xd8, 0xd8, 0x70, 0x00, 0x00,
	/* 0xd5 'Õ' */	  5,  5,  0,  5,  6,
			  0x70, 0x70, 0xd8, 0xd8, 0x70, 0x00, 0x00,
	/* 0xd6 'Ö' */	  5,  5,  0,  5,  6,
			  0xd8, 0x70, 0xd8, 0xd8, 0x70, 0x00, 0x00,
	/* 0xd7 '×' */	  4,  3,  1,  4,  6,
			  0xf0, 0x60, 0xf0,
	/* 0xd8 'Ø' */	  5,  5,  0,  5,  6,
			  0x78, 0xdc, 0xfc, 0xec, 0x78, 0x00, 0x00,
	/* 0xd9 'Ù' */	  5,  5,  0,  5,  6,
			  0x60, 0xd8, 0xd8, 0xd8, 0x70, 0x00, 0x00,
	/* 0xda 'Ú' */	  5,  5,  0,  5,  6,
			  0x30, 0xd8, 0xd8, 0xd8, 0x70, 0x00, 0x00,
	/* 0xdb 'Û' */	  5,  5,  0,  5,  6,
			  0x70, 0x00, 0xd8, 0xd8, 0x70, 0x00, 0x00,
	/* 0xdc 'Ü' */	  5,  5,  0,  5,  6,
			  0x78, 0x00, 0xd8, 0xd8, 0x70, 0x00, 0x00,
	/* 0xdd 'Ý' */	  4,  5,  1,  5,  6,
			  0x60, 0xf0, 0xf0, 0x60, 0x60, 0x00, 0x00,
	/* 0xde 'Þ' */	  5,  5,  0,  5,  6,
			  0xc0, 0xf0, 0xd8, 0xf0, 0xc0, 0x00, 0x00,
	/* 0xdf 'ß' */	  5,  5,  0,  5,  6,
			  0x60, 0xf0, 0xf0, 0xd8, 0xf8, 0x00, 0x00,
	/* 0xe0 'à' */	  5,  5,  0,  5,  6,
			  0xc0, 0x70, 0xd8, 0xd8, 0x78, 0x00, 0x00,
	/* 0xe1 'á' */	  5,  5,  0,  5,  6,
			  0x18, 0x70, 0xd8, 0xd8, 0x78, 0x00, 0x00,
	/* 0xe2 'â' */	  5,  5,  0,  5,  6,
			  0x70, 0x70, 0xd8, 0xd8, 0x78, 0x00, 0x00,
	/* 0xe3 'ã' */	  5,  5,  0,  5,  6,
			  0x70, 0x70, 0xd8, 0xd8, 0x78, 0x00, 0x00,
	/* 0xe4 'ä' */	  5,  5,  0,  5,  6,
			  0xd8, 0x70, 0xd8, 0xd8, 0x78, 0x00, 0x00,
	/* 0xe5 'å' */	  5,  5,  0,  5,  6,
			  0x70, 0x70, 0xd8, 0xd8, 0x78, 0x00, 0x00,
	/* 0xe6 'æ' */	  5,  4,  0,  4,  6,
			  0x78, 0xfc, 0xf0, 0x7c, 0x00, 0x00, 0x00,
	/* 0xe7 'ç' */	  5,  6,  0,  4,  6,
			  0x78, 0xc0, 0xc0, 0x78, 0x30, 0x60, 0x00,
	/* 0xe8 'è' */	  5,  5,  0,  5,  6,
			  0xc0, 0x70, 0xf8, 0xc0, 0x70, 0x00, 0x00,
	/* 0xe9 'é' */	  5,  5,  0,  5,  6,
			  0x18, 0x70, 0xf8, 0xc0, 0x70, 0x00, 0x00,
	/* 0xea 'ê' */	  5,  5,  0,  5,  6,
			  0x70, 0x70, 0xf8, 0xc0, 0x70, 0x00, 0x00,
	/* 0xeb 'ë' */	  5,  5,  0,  5,  6,
			  0xd8, 0x70, 0xf8, 0xc0, 0x70, 0x00, 0x00,
	/* 0xec 'ì' */	  4,  5,  1,  5,  6,
			  0xc0, 0x60, 0xe0, 0x60, 0xf0, 0x00, 0x00,
	/* 0xed 'í' */	  4,  5,  1,  5,  6,
			  0x30, 0x60, 0xe0, 0x60, 0xf0, 0x00, 0x00,
	/* 0xee 'î' */	  5,  5,  0,  5,  6,
			  0x70, 0x00, 0x70, 0x30, 0x78, 0x00, 0x00,
	/* 0xef 'ï' */	  4,  5,  1,  5,  6,
			  0xf0, 0x00, 0xe0, 0x60, 0xf0, 0x00, 0x00,
	/* 0xf0 'ð' */	  4,  5,  1,  5,  6,
			  0x60, 0x30, 0x70, 0xf0, 0x60, 0x00, 0x00,
	/* 0xf1 'ñ' */	  5,  5,  0,  5,  6,
			  0x70, 0xf0, 0xd8, 0xd8, 0xd8, 0x00, 0x00,
	/* 0xf2 'ò' */	  4,  5,  1,  5,  6,
			  0xc0, 0x60, 0xf0, 0xf0, 0x60, 0x00, 0x00,
	/* 0xf3 'ó' */	  4,  5,  1,  5,  6,
			  0x30, 0x60, 0xf0, 0xf0, 0x60, 0x00, 0x00,
	/* 0xf4 'ô' */	  4,  5,  1,  5,  6,
			  0xf0, 0x60, 0xf0, 0xf0, 0x60, 0x00, 0x00,
	/* 0xf5 'õ' */	  4,  5,  1,  5,  6,
			  0xf0, 0x60, 0xf0, 0xf0, 0x60, 0x00, 0x00,
	/* 0xf6 'ö' */	  4,  5,  1,  5,  6,
			  0xf0, 0x60, 0xf0, 0xf0, 0x60, 0x00, 0x00,
	/* 0xf7 '÷' */	  4,  5,  1,  5,  6,
			  0x60, 0x00, 0xf0, 0x00, 0x60, 0x00, 0x00,
	/* 0xf8 'ø' */	  5,  4,  0,  4,  6,
			  0x70, 0xf8, 0xf8, 0x70, 0x00, 0x00, 0x00,
	/* 0xf9 'ù' */	  5,  5,  0,  5,  6,
			  0x60, 0x30, 0xd8, 0xd8, 0x78, 0x00, 0x00,
	/* 0xfa 'ú' */	  5,  5,  0,  5,  6,
			  0x30, 0x60, 0xd8, 0xd8, 0x78, 0x00, 0x00,
	/* 0xfb 'û' */	  5,  5,  0,  5,  6,
			  0x70, 0x00, 0xd8, 0xd8, 0x78, 0x00, 0x00,
	/* 0xfc 'ü' */	  5,  5,  0,  5,  6,
			  0xd8, 0x00, 0xd8, 0xd8, 0x78, 0x00, 0x00,
	/* 0xfd 'ý' */	  5,  7,  0,  5,  6,
			  0x30, 0x60, 0xd8, 0xd8, 0x78, 0x18, 0x70,
	/* 0xfe 'þ' */	  5,  6,  0,  5,  6,
			  0xc0, 0xf0, 0xd8, 0xd8, 0xf0, 0xc0, 0x00,
	/* 0xff 'ÿ' */	  5,  7,  0,  5,  6,
			  0xd8, 0x00, 0xd8, 0xd8, 0x78, 0x18, 0x70,
	/* 0x100 'Ā' */	  5,  5,  0,  5,  6,
			  0x70, 0x70, 0xd8, 0xf8, 0xd8, 0x00, 0x00,
	/* 0x101 'ā' */	  5,  5,  0,  5,  6,
			  0x70, 0x70, 0xd8, 0xd8, 0x78, 0x00, 0x00,
	/* 0x102 'Ă' */	  5,  5,  0,  5,  6,
			  0x70, 0x70, 0xd8, 0xf8, 0xd8, 0x00, 0x00,
	/* 0x103 'ă' */	  5,  5,  0,  5,  6,
			  0x70, 0x70, 0xd8, 0xd8, 0x78, 0x00, 0x00,
	/* 0x104 'Ą' */	  5,  7,  0,  5,  6,
			  0x70, 0xd8, 0xf8, 0xd8, 0xd8, 0x30, 0x18,
	/* 0x105 'ą' */	  5,  6,  0,  4,  6,
			  0x70, 0xd8, 0xd8, 0x78, 0x60, 0x30, 0x00,
	/* 0x106 'Ć' */	  5,  5,  0,  5,  6,
			  0x18, 0x70, 0xd8, 0xc0, 0x70, 0x00, 0x00,
	/* 0x107 'ć' */	  5,  5,  0,  5,  6,
			  0x18, 0x70, 0xc0, 0xc0, 0x70, 0x00, 0x00,
	/* 0x108 'Ĉ' */	  5,  5,  0,  5,  6,
			  0x70, 0x70, 0xd8, 0xc0, 0x70, 0x00, 0x00,
	/* 0x109 'ĉ' */	  4,  5,  0,  5,  6,
			  0x70, 0x70, 0xc0, 0xc0, 0x70, 0x00, 0x00,
	/* 0x10a 'Ċ' */	  5,  5,  0,  5,  6,
			  0x70, 0x70, 0xd8, 0xc0, 0x70, 0x00, 0x00,
	/* 0x10b 'ċ' */	  4,  5,  0,  5,  6,
			  0x70, 0x70, 0xc0, 0xc0, 0x70, 0x00, 0x00,
	/* 0x10c 'Č' */	  5,  5,  0,  5,  6,
			  0x70, 0x70, 0xd8, 0xc0, 0x70, 0x00, 0x00,
	/* 0x10d 'č' */	  4,  5,  0,  5,  6,
			  0x70, 0x70, 0xc0, 0xc0, 0x70, 0x00, 0x00,
	/* 0x10e 'Ď' */	  5,  5,  0,  5,  6,
			  0x70, 0xf0, 0xd8, 0xd8, 0xf0, 0x00, 0x00,
	/* 0x10f 'ď' */	  5,  5,  0,  5,  6,
			  0x38, 0x78, 0xf0, 0xf0, 0x70, 0x00, 0x00,
	/* 0x110 'Đ' */	  5,  5,  0,  5,  6,
			  0xf0, 0xd8, 0xf8, 0xd8, 0xf0, 0x00, 0x00,
	/* 0x111 'đ' */	  5,  5,  0,  5,  6,
			  0x18, 0x78, 0xfc, 0xd8, 0x78, 0x00, 0x00,
	/* 0x112 'Ē' */	  5,  5,  0,  5,  6,
			  0xf8, 0xc0, 0xe0, 0xc0, 0xf0, 0x00, 0x00,
	/* 0x113 'ē' */	  5,  5,  0,  5,  6,
			  0x70, 0x70, 0xf8, 0xc0, 0x70, 0x00, 0x00,
	/* 0x114 'Ĕ' */	  5,  5,  0,  5,  6,
			  0xf8, 0xd8, 0xe0, 0xc0, 0xf0, 0x00, 0x00,
	/* 0x115 'ĕ' */	  5,  5,  0,  5,  6,
			  0x70, 0x70, 0xf8, 0xc0, 0x70, 0x00, 0x00,
	/* 0x116 'Ė' */	  5,  5,  0,  5,  6,
			  0xf8, 0xc0, 0xe0, 0xc0, 0xf0, 0x00, 0x00,
	/* 0x117 'ė' */	  5,  5,  0,  5,  6,
			  0x60, 0x70, 0xf8, 0xc0, 0x70, 0x00, 0x00,
	/* 0x118 'Ę' */	  5,  7,  0,  5,  6,
			  0xf8, 0xc0, 0xf0, 0xc0, 0xf8, 0x60, 0x30,
	/* 0x119 'ę' */	  5,  6,  0,  4,  6,
			  0x70, 0xf8, 0xc0, 0x70, 0x60, 0x30, 0x00,
	/* 0x11a 'Ě' */	  5,  5,  0,  5,  6,
			  0xf8, 0xd8, 0xe0, 0xc0, 0xf0, 0x00, 0x00,
	/* 0x11b 'ě' */	  5,  5,  0,  5,  6,
			  0x70, 0x70, 0xf8, 0xc0, 0x70, 0x00, 0x00,
	/* 0x11c 'Ĝ' */	  5,  5,  0,  5,  6,
			  0x70, 0x70, 0xc0, 0xf8, 0x70, 0x00, 0x00,
	/* 0x11d 'ĝ' */	  5,  7,  0,  5,  6,
			  0x70, 0x78, 0xd8, 0xd8, 0x78, 0x18, 0x70,
	/* 0x11e 'Ğ' */	  5,  5,  0,  5,  6,
			  0x70, 0x70, 0xc0, 0xf8, 0x70, 0x00, 0x00,
	/* 0x11f 'ğ' */	  5,  7,  0,  5,  6,
			  0x70, 0x78, 0xd8, 0xd8, 0x78, 0x18, 0x70,
	/* 0x120 'Ġ' */	  5,  5,  0,  5,  6,
			  0x30, 0x70, 0xc0, 0xf8, 0x70, 0x00, 0x00,
	/* 0x121 'ġ' */	  5,  7,  0,  5,  6,
			  0x30, 0x78, 0xd8, 0xd8, 0x78, 0x18, 0x70,
	/* 0x122 'Ģ' */	  5,  7,  0,  5,  6,
			  0x70, 0xd8, 0xc0, 0xf8, 0x70, 0x00, 0x30,
	/* 0x123 'ģ' */	  5,  7,  0,  5,  6,
			  0x30, 0x00, 0x78, 0xd8, 0x78, 0x18, 0x70,
	/* 0x124 'Ĥ' */	  5,  5,  0,  5,  6,
			  0x70, 0x00, 0xd8, 0xf8, 0xd8, 0x00, 0x00,
	/* 0x125 'ĥ' */	  5,  5,  0,  5,  6,
			  0xf8, 0xc0, 0xf0, 0xd8, 0xd8, 0x00, 0x00,
	/* 0x126 'Ħ' */	  5,  5,  0,  5,  6,
			  0xd8, 0xf8, 0xd8, 0xf8, 0xd8, 0x00, 0x00,
	/* 0x127 'ħ' */	  5,  5,  0,  5,  6,
			  0xc0, 0xf0, 0xf0, 0xd8, 0xd8, 0x00, 0x00,
	/* 0x128 'Ĩ' */	  4,  5,  1,  5,  6,
			  0xf0, 0xf0, 0x60, 0x60, 0xf0, 0x00, 0x00,
	/* 0x129 'ĩ' */	  4,  5,  1,  5,  6,
			  0xe0, 0x00, 0xe0, 0x60, 0xf0, 0x00, 0x00,
	/* 0x12a 'Ī' */	  5,  5,  0,  5,  6,
			  0x78, 0x78, 0x30, 0x30, 0x78, 0x00, 0x00,
	/* 0x12b 'ī' */	  5,  5,  0,  5,  6,
			  0x70, 0x00, 0x70, 0x30, 0x78, 0x00, 0x00,
	/* 0x12c 'Ĭ' */	  5,  5,  0,  5,  6,
			  0x78, 0x78, 0x30, 0x30, 0x78, 0x00, 0x00,
	/* 0x12d 'ĭ' */	  4,  5,  1,  5,  6,
			  0xe0, 0x00, 0xe0, 0x60, 0xf0, 0x00, 0x00,
	/* 0x12e 'Į' */	  4,  7,  1,  5,  6,
			  0xf0, 0x60, 0x60, 0x60, 0xf0, 0xc0, 0x60,
	/* 0x12f 'į' */	  4,  6,  1,  4,  6,
			  0xe0, 0x60, 0x60, 0xf0, 0xc0, 0x60, 0x00,
	/* 0x130 'İ' */	  4,  5,  1,  5,  6,
			  0x60, 0xf0, 0x60, 0x60, 0xf0, 0x00, 0x00,
	/* 0x131 'ı' */	  4,  4,  1,  4,  6,
			  0xe0, 0x60, 0x60, 0xf0, 0x00, 0x00, 0x00,
	/* 0x132 'Ĳ' */	  5,  5,  0,  5,  6,
			  0xf8, 0xd8, 0xd8, 0xf8, 0xf0, 0x00, 0x00,
	/* 0x133 'ĳ' */	  5,  6,  0,  4,  6,
			  0xd8, 0x00, 0xd8, 0xd8, 0x18, 0x30, 0x00,
	/* 0x134 'Ĵ' */	  5,  5,  0,  5,  6,
			  0x70, 0xf8, 0x18, 0xd8, 0x70, 0x00, 0x00,
	/* 0x135 'ĵ' */	  5,  6,  0,  5,  6,
			  0x38, 0x00, 0x18, 0x18, 0xd8, 0x70, 0x00,
	/* 0x136 'Ķ' */	  5,  7,  0,  5,  6,
			  0xd8, 0xf0, 0xe0, 0xf0, 0xd8, 0x00, 0x60,
	/* 0x137 'ķ' */	  5,  7,  0,  5,  6,
			  0xc0, 0xf8, 0xe0, 0xf0, 0xd8, 0x00, 0x60,
	/* 0x138 'ĸ' */	  5,  4,  0,  4,  6,
			  0xf8, 0xe0, 0xf0, 0xd8, 0x00, 0x00, 0x00,
	/* 0x139 'Ĺ' */	  5,  5,  0,  5,  6,
			  0xf0, 0xc0, 0xc0, 0xc0, 0xf8, 0x00, 0x00,
	/* 0x13a 'ĺ' */	  4,  5,  1,  5,  6,
			  0xf0, 0xc0, 0xc0, 0xc0, 0x70, 0x00, 0x00,
	/* 0x13b 'Ļ' */	  5,  7,  0,  5,  6,
			  0xc0, 0xc0, 0xc0, 0xc0, 0xf8, 0x00, 0x60,
	/* 0x13c 'ļ' */	  5,  7,  0,  5,  6,
			  0x60, 0x60, 0x60, 0x60, 0x38, 0x00, 0x30,
	/* 0x13d 'Ľ' */	  5,  5,  0,  5,  6,
			  0xf0, 0xf0, 0xc0, 0xc0, 0xf8, 0x00, 0x00,
	/* 0x13e 'ľ' */	  5,  5,  0,  5,  6,
			  0x78, 0x78, 0x60, 0x60, 0x38, 0x00, 0x00,
	/* 0x13f 'Ŀ' */	  5,  5,  0,  5,  6,
			  0xc0, 0xc0, 0xf0, 0xc0, 0xf8, 0x00, 0x00,
	/* 0x140 'ŀ' */	  5,  5,  0,  5,  6,
			  0x60, 0x60, 0x78, 0x60, 0x38, 0x00, 0x00,
	/* 0x141 'Ł' */	  5,  5,  0,  5,  6,
			  0xc0, 0xf0, 0xe0, 0xc0, 0xf8, 0x00, 0x00,
	/* 0x142 'ł' */	  5,  5,  0,  5,  6,
			  0x60, 0x70, 0xe0, 0x60, 0x38, 0x00, 0x00,
	/* 0x143 'Ń' */	  5,  5,  0,  5,  6,
			  0xf0, 0xd8, 0xf8, 0xf8, 0xd8, 0x00, 0x00,
	/* 0x144 'ń' */	  5,  5,  0,  5,  6,
			  0x18, 0xf0, 0xd8, 0xd8, 0xd8, 0x00, 0x00,
	/* 0x145 'Ņ' */	  5,  7,  0,  5,  6,
			  0xd8, 0xf8, 0xf8, 0xd8, 0xd8, 0x00, 0x60,
	/* 0x146 'ņ' */	  5,  6,  0,  4,  6,
			  0xf0, 0xd8, 0xd8, 0xd8, 0x00, 0x60, 0x00,
	/* 0x147 'Ň' */	  5,  5,  0,  5,  6,
			  0x70, 0xd8, 0xf8, 0xf8, 0xd8, 0x00, 0x00,
	/* 0x148 'ň' */	  5,  5,  0,  5,  6,
			  0x70, 0xf0, 0xd8, 0xd8, 0xd8, 0x00, 0x00,
	/* 0x149 'ŉ' */	  5,  5,  0,  5,  6,
			  0xc0, 0x00, 0xf0, 0xd8, 0xd8, 0x00, 0x00,
	/* 0x14a 'Ŋ' */	  5,  5,  0,  5,  6,
			  0xf0, 0xf8, 0xd8, 0xd8, 0xf8, 0x00, 0x00,
	/* 0x14b 'ŋ' */	  5,  6,  0,  4,  6,
			  0xf0, 0xd8, 0xd8, 0xd8, 0x18, 0x30, 0x00,
	/* 0x14c 'Ō' */	  5,  5,  0,  5,  6,
			  0x70, 0x70, 0xd8, 0xd8, 0x70, 0x00, 0x00,
	/* 0x14d 'ō' */	  4,  5,  1,  5,  6,
			  0x60, 0x60, 0xf0, 0xf0, 0x60, 0x00, 0x00,
	/* 0x14e 'Ŏ' */	  5,  5,  0,  5,  6,
			  0x70, 0x70, 0xd8, 0xd8, 0x70, 0x00, 0x00,
	/* 0x14f 'ŏ' */	  4,  5,  1,  5,  6,
			  0x60, 0x60, 0xf0, 0xf0, 0x60, 0x00, 0x00,
	/* 0x150 'Ő' */	  5,  5,  0,  5,  6,
			  0xd8, 0x70, 0xd8, 0xd8, 0x70, 0x00, 0x00,
	/* 0x151 'ő' */	  4,  5,  1,  5,  6,
			  0xf0, 0x60, 0xf0, 0xf0, 0x60, 0x00, 0x00,
	/* 0x152 'Œ' */	  5,  5,  0,  5,  6,
			  0x78, 0xf0, 0xf8, 0xf0, 0x78, 0x00, 0x00,
	/* 0x153 'œ' */	  5,  4,  0,  4,  6,
			  0x78, 0xfc, 0xf0, 0x78, 0x00, 0x00, 0x00,
	/* 0x154 'Ŕ' */	  5,  5,  0,  5,  6,
			  0x30, 0xf0, 0xd8, 0xf0, 0xd8, 0x00, 0x00,
	/* 0x155 'ŕ' */	  5,  5,  0,  5,  6,
			  0x60, 0xf0, 0xf8, 0xc0, 0xc0, 0x00, 0x00,
	/* 0x156 'Ŗ' */	  5,  7,  0,  5,  6,
			  0xf0, 0xd8, 0xf0, 0xf0, 0xd8, 0x00, 0x60,
	/* 0x157 'ŗ' */	  5,  6,  0,  4,  6,
			  0xf0, 0xf8, 0xc0, 0xc0, 0x00, 0xc0, 0x00,
	/* 0x158 'Ř' */	  5,  5,  0,  5,  6,
			  0x70, 0xf0, 0xd8, 0xf0, 0xd8, 0x00, 0x00,
	/* 0x159 'ř' */	  5,  5,  0,  5,  6,
			  0x70, 0xf0, 0xf8, 0xc0, 0xc0, 0x00, 0x00,
	/* 0x15a 'Ś' */	  5,  5,  0,  5,  6,
			  0x78, 0xc0, 0x70, 0x18, 0xf0, 0x00, 0x00,
	/* 0x15b 'ś' */	  5,  5,  0,  5,  6,
			  0x70, 0x78, 0xe0, 0x38, 0xf0, 0x00, 0x00,
	/* 0x15c 'Ŝ' */	  5,  5,  0,  5,  6,
			  0x78, 0xc0, 0x70, 0x18, 0xf0, 0x00, 0x00,
	/* 0x15d 'ŝ' */	  5,  5,  0,  5,  6,
			  0x70, 0x78, 0xe0, 0x38, 0xf0, 0x00, 0x00,
	/* 0x15e 'Ş' */	  5,  7,  0,  5,  6,
			  0x78, 0xc0, 0x70, 0x18, 0xf0, 0x00, 0x30,
	/* 0x15f 'ş' */	  5,  6,  0,  4,  6,
			  0x78, 0xe0, 0x38, 0xf0, 0x00, 0x30, 0x00,
	/* 0x160 'Š' */	  5,  5,  0,  5,  6,
			  0x78, 0xc0, 0x70, 0x18, 0xf0, 0x00, 0x00,
	/* 0x161 'š' */	  5,  5,  0,  5,  6,
			  0x70, 0x78, 0xe0, 0x38, 0xf0, 0x00, 0x00,
	/* 0x162 'Ţ' */	  5,  7,  0,  5,  6,
			  0x78, 0x30, 0x30, 0x30, 0x30, 0x00, 0x30,
	/* 0x163 'ţ' */	  5,  7,  0,  5,  6,
			  0x60, 0xf8, 0x60, 0x60, 0x38, 0x00, 0x30,
	/* 0x164 'Ť' */	  4,  5,  1,  5,  6,
			  0xf0, 0x00, 0xf0, 0x60, 0x60, 0x00, 0x00,
	/* 0x165 'ť' */	  5,  5,  0,  5,  6,
			  0x78, 0xf8, 0x60, 0x60, 0x38, 0x00, 0x00,
	/* 0x166 'Ŧ' */	  4,  5,  1,  5,  6,
			  0xf0, 0x60, 0xf0, 0x60, 0x60, 0x00, 0x00,
	/* 0x167 'ŧ' */	  5,  5,  0,  5,  6,
			  0xf8, 0x60, 0xf8, 0x60, 0x38, 0x00, 0x00,
	/* 0x168 'Ũ' */	  5,  5,  0,  5,  6,
			  0x70, 0x00, 0xd8, 0xd8, 0x70, 0x00, 0x00,
	/* 0x169 'ũ' */	  5,  5,  0,  5,  6,
			  0x70, 0x00, 0xd8, 0xd8, 0x78, 0x00, 0x00,
	/* 0x16a 'Ū' */	  5,  5,  0,  5,  6,
			  0x70, 0x00, 0xd8, 0xd8, 0x70, 0x00, 0x00,
	/* 0x16b 'ū' */	  5,  5,  0,  5,  6,
			  0x70, 0x00, 0xd8, 0xd8, 0x78, 0x00, 0x00,
	/* 0x16c 'Ŭ' */	  5,  5,  0,  5,  6,
			  0x70, 0x00, 0xd8, 0xd8, 0x70, 0x00, 0x00,
	/* 0x16d 'ŭ' */	  5,  5,  0,  5,  6,
			  0x70, 0x00, 0xd8, 0xd8, 0x78, 0x00, 0x00,
	/* 0x16e 'Ů' */	  5,  5,  0,  5,  6,
			  0x70, 0x70, 0xd8, 0xd8, 0x70, 0x00, 0x00,
	/* 0x16f 'ů' */	  5,  5,  0,  5,  6,
			  0x70, 0x70, 0xd8, 0xd8, 0x78, 0x00, 0x00,
	/* 0x170 'Ű' */	  5,  5,  0,  5,  6,
			  0x78, 0xc0, 0xd8, 0xd8, 0x70, 0x00, 0x00,
	/* 0x171 'ű' */	  5,  5,  0,  5,  6,
			  0x78, 0x00, 0xd8, 0xd8, 0x70, 0x00, 0x00,
	/* 0x172 'Ų' */	  5,  7,  0,  5,  6,
			  0xd8, 0xd8, 0xd8, 0xd8, 0x70, 0x60, 0x30,
	/* 0x173 'ų' */	  5,  6,  0,  4,  6,
			  0xd8, 0xd8, 0xd8, 0x70, 0x60, 0x30, 0x00,
	/* 0x174 'Ŵ' */	  5,  5,  0,  5,  6,
			  0xfc, 0xcc, 0xfc, 0xfc, 0x78, 0x00, 0x00,
	/* 0x175 'ŵ' */	  5,  4,  0,  4,  6,
			  0xfc, 0xcc, 0xfc, 0x78, 0x00, 0x00, 0x00,
	/* 0x176 'Ŷ' */	  4,  5,  1,  5,  6,
			  0x60, 0xf0, 0xf0, 0x60, 0x60, 0x00, 0x00,
	/* 0x177 'ŷ' */	  5,  7,  0,  5,  6,
			  0x70, 0x00, 0xd8, 0xd8, 0x78, 0x18, 0x70,
	/* 0x178 'Ÿ' */	  4,  5,  1,  5,  6,
			  0xf0, 0x00, 0xf0, 0x60, 0x60, 0x00, 0x00,
	/* 0x179 'Ź' */	  5,  5,  0,  5,  6,
			  0x30, 0xf8, 0x30, 0x60, 0xf8, 0x00, 0x00,
	/* 0x17a 'ź' */	  5,  5,  0,  5,  6,
			  0x30, 0x60, 0xf8, 0x70, 0xf8, 0x00, 0x00,
	/* 0x17b 'Ż' */	  5,  5,  0,  5,  6,
			  0x70, 0xf8, 0x30, 0x60, 0xf8, 0x00, 0x00,
	/* 0x17c 'ż' */	  5,  5,  1,  5,  6,
			  0x70, 0x00, 0xf8, 0x70, 0xf8, 0x00, 0x00,
	/* 0x17d 'Ž' */	  5,  5,  0,  5,  6,
			  0x70, 0xf8, 0x30, 0x60, 0xf8, 0x00, 0x00,
	/* 0x17e 'ž' */	  5,  5,  0,  5,  6,
			  0x70, 0x00, 0xf8, 0x70, 0xf8, 0x00, 0x00,

};

static gp_glyph_offset font_bold_latin_ext_offsets[] = {
	    0x0000,     0x000c,     0x0018,     0x0024,     0x0030,     0x003c,     0x0048,     0x0054,
	    0x005c,     0x0068,     0x0074,     0x0080,     0x0088,     0x0090,     0x009c,     0x00a4,
	    0x00ac,     0x00b8,     0x00c4,     0x00d0,     0x00d8,     0x00e4,     0x00f0,     0x00f8,
	    0x0100,     0x010c,     0x0118,     0x0124,     0x012c,     0x0138,     0x0144,     0x0150,
	    0x015c,     0x0168,     0x0174,     0x0180,     0x018c,     0x0198,     0x01a4,     0x01b0,
	    0x01bc,     0x01c8,     0x01d4,     0x01e0,     0x01ec,     0x01f8,     0x0204,     0x0210,
	    0x021c,     0x0228,     0x0234,     0x0240,     0x024c,     0x0258,     0x0264,     0x026c,
	    0x0278,     0x0284,     0x0290,     0x029c,     0x02a8,     0x02b4,     0x02c0,     0x02cc,
	    0x02d8,     0x02e4,     0x02f0,     0x02fc,     0x0308,     0x0314,     0x0320,     0x032c,
	    0x0338,     0x0344,     0x0350,     0x035c,     0x0368,     0x0374,     0x0380,     0x038c,
	    0x0398,     0x03a4,     0x03b0,     0x03bc,     0x03c8,     0x03d4,     0x03e0,     0x03ec,
	    0x03f8,     0x0404,     0x0410,     0x041c,     0x0428,     0x0434,     0x0440,     0x044c,
	    0x0458,     0x0464,     0x0470,     0x047c,     0x0488,     0x0494,     0x04a0,     0x04ac,
	    0x04b8,     0x04c4,     0x04d0,     0x04dc,     0x04e8,     0x04f4,     0x0500,     0x050c,
	    0x0518,     0x0524,     0x0530,     0x053c,     0x0548,     0x0554,     0x0560,     0x056c,
	    0x0578,     0x0584,     0x0590,     0x059c,     0x05a8,     0x05b4,     0x05c0,     0x05cc,
	    0x05d8,     0x05e4,     0x05f0,     0x05fc,     0x0608,     0x0614,     0x0620,     0x062c,
	    0x0638,     0x0644,     0x0650,     0x065c,     0x0668,     0x0674,     0x0680,     0x068c,
	    0x0698,     0x06a4,     0x06b0,     0x06bc,     0x06c8,     0x06d4,     0x06e0,     0x06ec,
	    0x06f8,     0x0704,     0x0710,     0x071c,     0x0728,     0x0734,     0x0740,     0x074c,
	    0x0758,     0x0764,     0x0770,     0x077c,     0x0788,     0x0794,     0x07a0,     0x07ac,
	    0x07b8,     0x07c4,     0x07d0,     0x07dc,     0x07e8,     0x07f4,     0x0800,     0x080c,
	    0x0818,     0x0824,     0x0830,     0x083c,     0x0848,     0x0854,     0x0860,     0x086c,
	    0x0878,     0x0884,     0x0890,     0x089c,     0x08a8,     0x08b4,     0x08c0,     0x08cc,
	    0x08d8,     0x08e4,     0x08f0,     0x08fc,     0x0908,     0x0914,     0x0920,     0x092c,
	    0x0938,     0x0944,     0x0950,     0x095c,     0x0968,     0x0974,     0x0980,     0x098c,
	    0x0998,     0x09a4,     0x09b0,     0x09bc,     0x09c8,     0x09d4,     0x09e0,     0x09ec,
	    0x09f8,     0x0a04,     0x0a10,     0x0a1c,     0x0a28,     0x0a34, 
};

static uint8_t font_bold_greek_glyphs[] = {
	/* 0x384 '΄' */	  2,  1,  2,  5,  6,
			  0xc0, 0x00, 0x00,
	/* 0x385 '΅' */	  4,  1,  1,  5,  6,
			  0xf0, 0x00, 0x00,
	/* 0x386 'Ά' */	  5,  5,  0,  5,  6,
			  0xc0, 0x70, 0xd8, 0xf8, 0xd8, 0x00, 0x00,
	/* 0x387 '·' */	  2,  1,  2,  3,  6,
			  0xc0, 0x00, 0x00,
	/* 0x388 'Έ' */	  5,  5,  0,  5,  6,
			  0xf8, 0x60, 0x70, 0x60, 0x78, 0x00, 0x00,
	/* 0x389 'Ή' */	  5,  5,  0,  5,  6,
			  0xf8, 0x78, 0x78, 0x78, 0x78, 0x00, 0x00,
	/* 0x38a 'Ί' */	  5,  5,  0,  5,  6,
			  0xc0, 0x78, 0x30, 0x30, 0x78, 0x00, 0x00,
	/* 0x38c 'Ό' */	  5,  5,  0,  5,  6,
			  0xc0, 0x70, 0xd8, 0xd8, 0x70, 0x00, 0x00,
	/* 0x38e 'Ύ' */	  5,  5,  0,  5,  6,
			  0xf8, 0x78, 0x30, 0x30, 0x30, 0x00, 0x00,
	/* 0x38f 'Ώ' */	  5,  5,  0,  5,  6,
			  0xc0, 0x70, 0xd8, 0x70, 0xf8, 0x00, 0x00,
	/* 0x390 'ΐ' */	  4,  5,  1,  5,  6,
			  0xf0, 0x00, 0xe0, 0x60, 0x70, 0x00, 0x00,
	/* 0x391 'Α' */	  5,  5,  0,  5,  6,
			  0x70, 0xd8, 0xf8, 0xd8, 0xd8, 0x00, 0x00,
	/* 0x392 'Β' */	  5,  5,  0,  5,  6,
			  0xf0, 0xd8, 0xf0, 0xd8, 0xf0, 0x00, 0x00,
	/* 0x393 'Γ' */	  5,  5,  0,  5,  6,
			  0xf8, 0xc0, 0xc0, 0xc0, 0xc0, 0x00, 0x00,
	/* 0x394 'Δ' */	  5,  5,  0,  5,  6,
			  0x70, 0x70, 0xd8, 0xd8, 0xf8, 0x00, 0x00,
	/* 0x395 'Ε' */	  5,  5,  0,  5,  6,
			  0xf8, 0xc0, 0xf0, 0xc0, 0xf8, 0x00, 0x00,
	/* 0x396 'Ζ' */	  5,  5,  0,  5,  6,
			  0xf8, 0x18, 0x70, 0xc0, 0xf8, 0x00, 0x00,
	/* 0x397 'Η' */	  5,  5,  0,  5,  6,
			  0xd8, 0xd8, 0xf8, 0xd8, 0xd8, 0x00, 0x00,
	/* 0x398 'Θ' */	  5,  5,  0,  5,  6,
			  0x70, 0xd8, 0xf8, 0xd8, 0x70, 0x00, 0x00,
	/* 0x399 'Ι' */	  5,  5,  0,  5,  6,
			  0x78, 0x30, 0x30, 0x30, 0x78, 0x00, 0x00,
	/* 0x39a 'Κ' */	  5,  5,  0,  5,  6,
			  0xd8, 0xf0, 0xe0, 0xf0, 0xd8, 0x00, 0x00,
	/* 0x39b 'Λ' */	  5,  5,  0,  5,  6,
			  0x70, 0x70, 0xd8, 0xd8, 0xd8, 0x00, 0x00,
	/* 0x39c 'Μ' */	  5,  5,  0,  5,  6,
			  0xd8, 0xf8, 0xd8, 0xd8, 0xd8, 0x00, 0x00,
	/* 0x39d 'Ν' */	  5,  5,  0,  5,  6,
			  0xd8, 0xf8, 0xf8, 0xd8, 0xd8, 0x00, 0x00,
	/* 0x39e 'Ξ' */	  5,  5,  0,  5,  6,
			  0xf8, 0x00, 0x70, 0x00, 0xf8, 0x00, 0x00,
	/* 0x39f 'Ο' */	  5,  5,  0,  5,  6,
			  0x70, 0xd8, 0xd8, 0xd8, 0x70, 0x00, 0x00,
	/* 0x3a0 'Π' */	  5,  5,  0,  5,  6,
			  0xf8, 0xd8, 0xd8, 0xd8, 0xd8, 0x00, 0x00,
	/* 0x3a1 'Ρ' */	  5,  5,  0,  5,  6,
			  0xf0, 0xd8, 0xf0, 0xc0, 0xc0, 0x00, 0x00,
	/* 0x3a3 'Σ' */	  5,  5,  0,  5,  6,
			  0xf8, 0x60, 0x30, 0x60, 0xf8, 0x00, 0x00,
	/* 0x3a4 'Τ' */	  4,  5,  1,  5,  6,
			  0xf0, 0x60, 0x60, 0x60, 0x60, 0x00, 0x00,
	/* 0x3a5 'Υ' */	  4,  5,  1,  5,  6,
			  0xf0, 0xf0, 0x60, 0x60, 0x60, 0x00, 0x00,
	/* 0x3a6 'Φ' */	  5,  5,  0,  5,  6,
			  0x30, 0x78, 0xfc, 0x78, 0x30, 0x00, 0x00,
	/* 0x3a7 'Χ' */	  5,  5,  0,  5,  6,
			  0xd8, 0xd8, 0x70, 0xd8, 0xd8, 0x00, 0x00,
	/* 0x3a8 'Ψ' */	  5,  5,  0,  5,  6,
			  0xfc, 0xfc, 0x78, 0x30, 0x30, 0x00, 0x00,
	/* 0x3a9 'Ω' */	  5,  5,  0,  5,  6,
			  0x70, 0xd8, 0xd8, 0x70, 0xf8, 0x00, 0x00,
	/* 0x3aa 'Ϊ' */	  4,  5,  1,  5,  6,
			  0xf0, 0xf0, 0x60, 0x60, 0xf0, 0x00, 0x00,
	/* 0x3ab 'Ϋ' */	  4,  5,  1,  5,  6,
			  0xf0, 0x00, 0xf0, 0x60, 0x60, 0x00, 0x00,
	/* 0x3ac 'ά' */	  5,  5,  0,  5,  6,
			  0x60, 0x78, 0xf0, 0xf0, 0x78, 0x00, 0x00,
	/* 0x3ad 'έ' */	  5,  5,  0,  5,  6,
			  0x78, 0xc0, 0x60, 0xc0, 0x70, 0x00, 0x00,
	/* 0x3ae 'ή' */	  5,  6,  0,  5,  6,
			  0xd8, 0xf0, 0xf8, 0xd8, 0xd8, 0x18, 0x00,
	/* 0x3af 'ί' */	  5,  5,  0,  5,  6,
			  0x30, 0x00, 0x70, 0x30, 0x38, 0x00, 0x00,
	/* 0x3b0 'ΰ' */	  5,  5,  0,  5,  6,
			  0xf8, 0x00, 0xd8, 0xd8, 0x70, 0x00, 0x00,
	/* 0x3b1 'α' */	  5,  4,  0,  4,  6,
			  0x78, 0xf0, 0xf0, 0x78, 0x00, 0x00, 0x00,
	/* 0x3b2 'β' */	  5,  6,  0,  5,  6,
			  0x70, 0xd8, 0xf0, 0xd8, 0xf0, 0xc0, 0x00,
	/* 0x3b3 'γ' */	  4,  6,  1,  4,  6,
			  0xf0, 0xf0, 0xf0, 0x60, 0x60, 0xc0, 0x00,
	/* 0x3b4 'δ' */	  4,  5,  1,  5,  6,
			  0xf0, 0xc0, 0x60, 0xf0, 0x60, 0x00, 0x00,
	/* 0x3b5 'ε' */	  4,  5,  1,  5,  6,
			  0x70, 0xc0, 0x60, 0xc0, 0x70, 0x00, 0x00,
	/* 0x3b6 'ζ' */	  5,  6,  0,  5,  6,
			  0xf8, 0x30, 0x60, 0xc0, 0x70, 0x30, 0x00,
	/* 0x3b7 'η' */	  5,  5,  0,  4,  6,
			  0xf0, 0xf8, 0xd8, 0xd8, 0x18, 0x00, 0x00,
	/* 0x3b8 'θ' */	  4,  5,  1,  5,  6,
			  0x60, 0xf0, 0xf0, 0xf0, 0x60, 0x00, 0x00,
	/* 0x3b9 'ι' */	  5,  4,  0,  4,  6,
			  0x70, 0x30, 0x30, 0x38, 0x00, 0x00, 0x00,
	/* 0x3ba 'κ' */	  5,  4,  0,  4,  6,
			  0xf8, 0xe0, 0xf0, 0xd8, 0x00, 0x00, 0x00,
	/* 0x3bb 'λ' */	  5,  5,  0,  5,  6,
			  0x60, 0x30, 0x30, 0x78, 0x78, 0x00, 0x00,
	/* 0x3bc 'μ' */	  5,  6,  0,  4,  6,
			  0xf0, 0xf0, 0xf0, 0xf8, 0xc0, 0xc0, 0x00,
	/* 0x3bd 'ν' */	  5,  4,  0,  4,  6,
			  0xd8, 0x78, 0x78, 0x30, 0x00, 0x00, 0x00,
	/* 0x3be 'ξ' */	  5,  6,  0,  5,  6,
			  0xf8, 0x60, 0x70, 0xc0, 0x78, 0x18, 0x00,
	/* 0x3bf 'ο' */	  5,  4,  0,  4,  6,
			  0x70, 0xd8, 0xd8, 0x70, 0x00, 0x00, 0x00,
	/* 0x3c0 'π' */	  5,  4,  0,  4,  6,
			  0xf8, 0xf0, 0xf0, 0xd8, 0x00, 0x00, 0x00,
	/* 0x3c1 'ρ' */	  5,  6,  0,  4,  6,
			  0x70, 0xd8, 0xd8, 0xf0, 0xc0, 0xc0, 0x00,
	/* 0x3c2 'ς' */	  5,  5,  0,  4,  6,
			  0x78, 0xc0, 0xc0, 0x70, 0x18, 0x00, 0x00,
	/* 0x3c3 'σ' */	  5,  5,  0,  5,  6,
			  0x78, 0xd8, 0xd8, 0xd8, 0x70, 0x00, 0x00,
	/* 0x3c4 'τ' */	  4,  5,  1,  4,  6,
			  0xf0, 0x60, 0x60, 0x60, 0x30, 0x00, 0x00,
	/* 0x3c5 'υ' */	  5,  4,  0,  4,  6,
			  0xd8, 0xd8, 0xd8, 0x70, 0x00, 0x00, 0x00,
	/* 0x3c6 'φ' */	  5,  6,  0,  4,  6,
			  0xf8, 0xfc, 0xfc, 0x78, 0x30, 0x30, 0x00,
	/* 0x3c7 'χ' */	  5,  5,  0,  4,  6,
			  0xd8, 0xd8, 0x70, 0xd8, 0xd8, 0x00, 0x00,
	/* 0x3c8 'ψ' */	  5,  6,  0,  4,  6,
			  0xfc, 0xfc, 0xfc, 0x78, 0x30, 0x30, 0x00,
	/* 0x3c9 'ω' */	  5,  4,  0,  4,  6,
			  0xfc, 0xfc, 0xfc, 0x78, 0x00, 0x00, 0x00,
	/* 0x3ca 'ϊ' */	  5,  5,  0,  5,  6,
			  0x78, 0x00, 0x70, 0x30, 0x38, 0x00, 0x00,
	/* 0x3cb 'ϋ' */	  5,  5,  0,  5,  6,
			  0x78, 0x00, 0xd8, 0xd8, 0x70, 0x00, 0x00,
	/* 0x3cc 'ό' */	  5,  5,  0,  5,  6,
			  0x18, 0x70, 0xd8, 0xd8, 0x70, 0x00, 0x00,
	/* 0x3cd 'ύ' */	  5,  5,  0,  5,  6,
			  0x30, 0xd8, 0xd8, 0xd8, 0x70, 0x00, 0x00,
	/* 0x3ce 'ώ' */	  5,  5,  0,  5,  6,
			  0x18, 0xfc, 0xfc, 0xfc, 0x78, 0x00, 0x00,

};

static gp_glyph_offset font_bold_greek_offsets[] = {
	    0x0000,     0x0008,     0x0010,     0x001c,     0x0024,     0x0030,     0x003c, GP_NOGLYPH,
	    0x0048, GP_NOGLYPH,     0x0054,     0x0060,     0x006c,     0x0078,     0x0084,     0x0090,
	    0x009c,     0x00a8,     0x00b4,     0x00c0,     0x00cc,     0x00d8,     0x00e4,     0x00f0,
	    0x00fc,     0x0108,     0x0114,     0x0120,     0x012c,     0x0138, GP_NOGLYPH,     0x0144,
	    0x0150,     0x015c,     0x0168,     0x0174,     0x0180,     0x018c,     0x0198,     0x01a4,
	    0x01b0,     0x01bc,     0x01c8,     0x01d4,     0x01e0,     0x01ec,     0x01f8,     0x0204,
	    0x0210,     0x021c,     0x0228,     0x0234,     0x0240,     0x024c,     0x0258,     0x0264,
	    0x0270,     0x027c,     0x0288,     0x0294,     0x02a0,     0x02ac,     0x02b8,     0x02c4,
	    0x02d0,     0x02dc,     0x02e8,     0x02f4,     0x0300,     0x030c,     0x0318,     0x0324,
	    0x0330,     0x033c,     0x0348, 
};

static uint8_t font_bold_cyrilic_glyphs[] = {
	/* 0x400 'Ѐ' */	  5,  5,  0,  5,  6,
			  0xf8, 0xc0, 0xf0, 0xc0, 0xf8, 0x00, 0x00,
	/* 0x401 'Ё' */	  5,  5,  0,  5,  6,
			  0x78, 0xc0, 0xf0, 0xc0, 0xf8, 0x00, 0x00,
	/* 0x402 'Ђ' */	  5,  5,  0,  5,  6,
			  0xf0, 0x60, 0x78, 0x78, 0x78, 0x00, 0x00,
	/* 0x403 'Ѓ' */	  5,  5,  0,  5,  6,
			  0x30, 0xf8, 0xc0, 0xc0, 0xc0, 0x00, 0x00,
	/* 0x404 'Є' */	  5,  5,  0,  5,  6,
			  0x70, 0xd8, 0xe0, 0xd8, 0x70, 0x00, 0x00,
	/* 0x405 'Ѕ' */	  5,  5,  0,  5,  6,
			  0x78, 0xc0, 0x70, 0x18, 0xf0, 0x00, 0x00,
	/* 0x406 'І' */	  4,  5,  1,  5,  6,
			  0xf0, 0x60, 0x60, 0x60, 0xf0, 0x00, 0x00,
	/* 0x407 'Ї' */	  4,  5,  1,  5,  6,
			  0xf0, 0x60, 0x60, 0x60, 0xf0, 0x00, 0x00,
	/* 0x408 'Ј' */	  5,  5,  0,  5,  6,
			  0xf8, 0x18, 0x18, 0xd8, 0x70, 0x00, 0x00,
	/* 0x409 'Љ' */	  5,  5,  0,  5,  6,
			  0x70, 0x70, 0x78, 0xf8, 0xf0, 0x00, 0x00,
	/* 0x40a 'Њ' */	  5,  5,  0,  5,  6,
			  0xf0, 0xf0, 0xf8, 0xf8, 0xf0, 0x00, 0x00,
	/* 0x40b 'Ћ' */	  5,  4,  0,  4,  6,
			  0xf0, 0x60, 0x78, 0x78, 0x00, 0x00, 0x00,
	/* 0x40c 'Ќ' */	  5,  5,  0,  5,  6,
			  0xf8, 0xf0, 0xe0, 0xf0, 0xd8, 0x00, 0x00,
	/* 0x40d 'Ѝ' */	  5,  5,  0,  5,  6,
			  0x78, 0xd8, 0xf8, 0xf8, 0xd8, 0x00, 0x00,
	/* 0x40e 'Ў' */	  4,  5,  1,  5,  6,
			  0x60, 0xf0, 0xf0, 0x60, 0xc0, 0x00, 0x00,
	/* 0x40f 'Џ' */	  4,  6,  1,  5,  6,
			  0xf0, 0xf0, 0xf0, 0xf0, 0xf0, 0x60, 0x00,
	/* 0x410 'А' */	  5,  5,  0,  5,  6,
			  0x70, 0xd8, 0xf8, 0xd8, 0xd8, 0x00, 0x00,
	/* 0x411 'Б' */	  5,  5,  0,  5,  6,
			  0xf8, 0xc0, 0xf0, 0xd8, 0xf0, 0x00, 0x00,
	/* 0x412 'В' */	  5,  5,  0,  5,  6,
			  0xf0, 0xd8, 0xf0, 0xd8, 0xf0, 0x00, 0x00,
	/* 0x413 'Г' */	  5,  5,  0,  5,  6,
			  0xf8, 0xc0, 0xc0, 0xc0, 0xc0, 0x00, 0x00,
	/* 0x414 'Д' */	  5,  6,  0,  5,  6,
			  0x78, 0x78, 0x78, 0x78, 0xf8, 0xd8, 0x00,
	/* 0x415 'Е' */	  5,  5,  0,  5,  6,
			  0xf8, 0xc0, 0xf8, 0xc0, 0xf8, 0x00, 0x00,
	/* 0x416 'Ж' */	  5,  5,  0,  5,  6,
			  0xfc, 0xfc, 0x78, 0xfc, 0xfc, 0x00, 0x00,
	/* 0x417 'З' */	  5,  5,  0,  5,  6,
			  0x70, 0xd8, 0x30, 0xd8, 0x70, 0x00, 0x00,
	/* 0x418 'И' */	  5,  5,  0,  5,  6,
			  0xd8, 0xf8, 0xf8, 0xd8, 0xd8, 0x00, 0x00,
	/* 0x419 'Й' */	  5,  5,  0,  5,  6,
			  0x70, 0xd8, 0xf8, 0xf8, 0xd8, 0x00, 0x00,
	/* 0x41a 'К' */	  5,  5,  0,  5,  6,
			  0xd8, 0xf0, 0xe0, 0xf0, 0xd8, 0x00, 0x00,
	/* 0x41b 'Л' */	  5,  5,  0,  5,  6,
			  0x78, 0x78, 0x78, 0xd8, 0xd8, 0x00, 0x00,
	/* 0x41c 'М' */	  5,  5,  0,  5,  6,
			  0xd8, 0xf8, 0xd8, 0xd8, 0xd8, 0x00, 0x00,
	/* 0x41d 'Н' */	  5,  5,  0,  5,  6,
			  0xd8, 0xd8, 0xf8, 0xd8, 0xd8, 0x00, 0x00,
	/* 0x41e 'О' */	  5,  5,  0,  5,  6,
			  0x70, 0xd8, 0xd8, 0xd8, 0x70, 0x00, 0x00,
	/* 0x41f 'П' */	  5,  5,  0,  5,  6,
			  0xf8, 0xd8, 0xd8, 0xd8, 0xd8, 0x00, 0x00,
	/* 0x420 'Р' */	  5,  5,  0,  5,  6,
			  0xf0, 0xd8, 0xf0, 0xc0, 0xc0, 0x00, 0x00,
	/* 0x421 'С' */	  5,  5,  0,  5,  6,
			  0x70, 0xd8, 0xc0, 0xd8, 0x70, 0x00, 0x00,
	/* 0x422 'Т' */	  4,  5,  1,  5,  6,
			  0xf0, 0x60, 0x60, 0x60, 0x60, 0x00, 0x00,
	/* 0x423 'У' */	  4,  5,  1,  5,  6,
			  0xf0, 0xf0, 0x60, 0x60, 0xc0, 0x00, 0x00,
	/* 0x424 'Ф' */	  5,  5,  0,  5,  6,
			  0x30, 0xfc, 0xfc, 0xfc, 0x30, 0x00, 0x00,
	/* 0x425 'Х' */	  5,  5,  0,  5,  6,
			  0xd8, 0xd8, 0x70, 0xd8, 0xd8, 0x00, 0x00,
	/* 0x426 'Ц' */	  5,  6,  0,  5,  6,
			  0xf0, 0xf0, 0xf0, 0xf0, 0xf8, 0x18, 0x00,
	/* 0x427 'Ч' */	  5,  5,  0,  5,  6,
			  0xd8, 0xd8, 0x78, 0x18, 0x18, 0x00, 0x00,
	/* 0x428 'Ш' */	  5,  5,  0,  5,  6,
			  0xfc, 0xfc, 0xfc, 0xfc, 0xfc, 0x00, 0x00,
	/* 0x429 'Щ' */	  5,  6,  0,  5,  6,
			  0xfc, 0xfc, 0xfc, 0xfc, 0xfc, 0x0c, 0x00,
	/* 0x42a 'Ъ' */	  5,  5,  0,  5,  6,
			  0xe0, 0x60, 0x70, 0x78, 0x70, 0x00, 0x00,
	/* 0x42b 'Ы' */	  5,  5,  0,  5,  6,
			  0xd8, 0xd8, 0xf8, 0xf8, 0xf8, 0x00, 0x00,
	/* 0x42c 'Ь' */	  4,  5,  1,  5,  6,
			  0xc0, 0xc0, 0xe0, 0xf0, 0xe0, 0x00, 0x00,
	/* 0x42d 'Э' */	  5,  5,  0,  5,  6,
			  0x70, 0xd8, 0x38, 0xd8, 0x70, 0x00, 0x00,
	/* 0x42e 'Ю' */	  5,  5,  0,  5,  6,
			  0xf8, 0xf8, 0xf8, 0xf8, 0xf8, 0x00, 0x00,
	/* 0x42f 'Я' */	  5,  5,  0,  5,  6,
			  0x78, 0xd8, 0x78, 0x78, 0xd8, 0x00, 0x00,
	/* 0x430 'а' */	  5,  4,  0,  4,  6,
			  0x70, 0xd8, 0xd8, 0x78, 0x00, 0x00, 0x00,
	/* 0x431 'б' */	  5,  5,  0,  5,  6,
			  0x78, 0xc0, 0xf0, 0xd8, 0x70, 0x00, 0x00,
	/* 0x432 'в' */	  5,  4,  0,  4,  6,
			  0xf0, 0xf8, 0xd8, 0xf0, 0x00, 0x00, 0x00,
	/* 0x433 'г' */	  4,  4,  1,  4,  6,
			  0xf0, 0xc0, 0xc0, 0xc0, 0x00, 0x00, 0x00,
	/* 0x434 'д' */	  5,  6,  0,  4,  6,
			  0x78, 0x78, 0x78, 0xf8, 0xd8, 0xd8, 0x00,
	/* 0x435 'е' */	  5,  4,  0,  4,  6,
			  0x70, 0xf8, 0xc0, 0x70, 0x00, 0x00, 0x00,
	/* 0x436 'ж' */	  5,  4,  0,  4,  6,
			  0xfc, 0x78, 0x78, 0xfc, 0x00, 0x00, 0x00,
	/* 0x437 'з' */	  5,  4,  0,  4,  6,
			  0xf8, 0x30, 0xd8, 0x70, 0x00, 0x00, 0x00,
	/* 0x438 'и' */	  5,  4,  0,  4,  6,
			  0xd8, 0xf8, 0xf8, 0xd8, 0x00, 0x00, 0x00,
	/* 0x439 'й' */	  5,  5,  0,  5,  6,
			  0x70, 0xd8, 0xf8, 0xf8, 0xd8, 0x00, 0x00,
	/* 0x43a 'к' */	  5,  4,  0,  4,  6,
			  0xf8, 0xe0, 0xf0, 0xd8, 0x00, 0x00, 0x00,
	/* 0x43b 'л' */	  5,  4,  0,  4,  6,
			  0x78, 0x78, 0xd8, 0xd8, 0x00, 0x00, 0x00,
	/* 0x43c 'м' */	  5,  4,  0,  4,  6,
			  0xd8, 0xf8, 0xd8, 0xd8, 0x00, 0x00, 0x00,
	/* 0x43d 'н' */	  5,  4,  0,  4,  6,
			  0xd8, 0xd8, 0xf8, 0xd8, 0x00, 0x00, 0x00,
	/* 0x43e 'о' */	  5,  4,  0,  4,  6,
			  0x70, 0xd8, 0xd8, 0x70, 0x00, 0x00, 0x00,
	/* 0x43f 'п' */	  5,  4,  0,  4,  6,
			  0xf8, 0xd8, 0xd8, 0xd8, 0x00, 0x00, 0x00,
	/* 0x440 'р' */	  5,  5,  0,  4,  6,
			  0xf0, 0xd8, 0xd8, 0xf0, 0xc0, 0x00, 0x00,
	/* 0x441 'с' */	  5,  4,  0,  4,  6,
			  0x78, 0xc0, 0xc0, 0x78, 0x00, 0x00, 0x00,
	/* 0x442 'т' */	  4,  4,  1,  4,  6,
			  0xf0, 0x60, 0x60, 0x60, 0x00, 0x00, 0x00,
	/* 0x443 'у' */	  5,  5,  0,  4,  6,
			  0x78, 0x78, 0x30, 0x30, 0x60, 0x00, 0x00,
	/* 0x444 'ф' */	  5,  6,  0,  5,  6,
			  0x30, 0x78, 0xfc, 0xfc, 0x78, 0x30, 0x00,
	/* 0x445 'х' */	  5,  4,  0,  4,  6,
			  0xd8, 0x70, 0x70, 0xd8, 0x00, 0x00, 0x00,
	/* 0x446 'ц' */	  5,  5,  0,  4,  6,
			  0xf0, 0xf0, 0xf0, 0xf8, 0x18, 0x00, 0x00,
	/* 0x447 'ч' */	  5,  4,  0,  4,  6,
			  0xd8, 0xd8, 0x78, 0x18, 0x00, 0x00, 0x00,
	/* 0x448 'ш' */	  5,  4,  0,  4,  6,
			  0xfc, 0xfc, 0xfc, 0xfc, 0x00, 0x00, 0x00,
	/* 0x449 'щ' */	  5,  5,  0,  4,  6,
			  0xfc, 0xfc, 0xfc, 0xfc, 0x0c, 0x00, 0x00,
	/* 0x44a 'ъ' */	  5,  4,  0,  4,  6,
			  0xe0, 0x70, 0x78, 0x70, 0x00, 0x00, 0x00,
	/* 0x44b 'ы' */	  5,  4,  0,  4,  6,
			  0xd8, 0xd8, 0xf8, 0xf8, 0x00, 0x00, 0x00,
	/* 0x44c 'ь' */	  4,  4,  1,  4,  6,
			  0xc0, 0xe0, 0xf0, 0xe0, 0x00, 0x00, 0x00,
	/* 0x44d 'э' */	  4,  4,  1,  4,  6,
			  0xe0, 0x70, 0x30, 0xe0, 0x00, 0x00, 0x00,
	/* 0x44e 'ю' */	  5,  4,  0,  4,  6,
			  0xf8, 0xf8, 0xf8, 0xf8, 0x00, 0x00, 0x00,
	/* 0x44f 'я' */	  4,  4,  1,  4,  6,
			  0x70, 0xf0, 0x70, 0xf0, 0x00, 0x00, 0x00,
	/* 0x450 'ѐ' */	  5,  5,  0,  5,  6,
			  0x60, 0x70, 0xf8, 0xc0, 0x70, 0x00, 0x00,
	/* 0x451 'ё' */	  5,  5,  0,  5,  6,
			  0xd8, 0x70, 0xf8, 0xc0, 0x70, 0x00, 0x00,
	/* 0x452 'ђ' */	  5,  6,  0,  5,  6,
			  0xf0, 0xc0, 0xf0, 0xd8, 0xd8, 0x30, 0x00,
	/* 0x453 'ѓ' */	  4,  5,  1,  5,  6,
			  0x60, 0xf0, 0xc0, 0xc0, 0xc0, 0x00, 0x00,
	/* 0x454 'є' */	  4,  4,  1,  4,  6,
			  0x70, 0xe0, 0xc0, 0x70, 0x00, 0x00, 0x00,
	/* 0x455 'ѕ' */	  5,  4,  0,  4,  6,
			  0x78, 0xe0, 0x38, 0xf0, 0x00, 0x00, 0x00,
	/* 0x456 'і' */	  4,  5,  1,  5,  6,
			  0x60, 0x00, 0xe0, 0x60, 0xf0, 0x00, 0x00,
	/* 0x457 'ї' */	  4,  5,  1,  5,  6,
			  0xf0, 0x00, 0xe0, 0x60, 0xf0, 0x00, 0x00,
	/* 0x458 'ј' */	  5,  7,  0,  5,  6,
			  0x18, 0x00, 0x38, 0x18, 0x18, 0xd8, 0x70,
	/* 0x459 'љ' */	  5,  5,  0,  5,  6,
			  0x70, 0x70, 0x70, 0xf8, 0xf8, 0x00, 0x00,
	/* 0x45a 'њ' */	  5,  5,  0,  5,  6,
			  0xf0, 0xf0, 0xf0, 0xf8, 0xf8, 0x00, 0x00,
	/* 0x45b 'ћ' */	  5,  5,  0,  5,  6,
			  0xf0, 0xc0, 0xf0, 0xd8, 0xd8, 0x00, 0x00,
	/* 0x45c 'ќ' */	  5,  5,  0,  5,  6,
			  0x60, 0xf8, 0xe0, 0xf0, 0xd8, 0x00, 0x00,
	/* 0x45d 'ѝ' */	  5,  5,  0,  5,  6,
			  0x60, 0xd8, 0xf8, 0xf8, 0xd8, 0x00, 0x00,
	/* 0x45e 'ў' */	  4,  6,  1,  5,  6,
			  0x60, 0xf0, 0xf0, 0x60, 0x60, 0xc0, 0x00,
	/* 0x45f 'џ' */	  4,  5,  1,  4,  6,
			  0xf0, 0xf0, 0xf0, 0xf0, 0x60, 0x00, 0x00,

};

static gp_glyph_offset font_bold_cyrilic_offsets[] = {
	    0x0000,     0x000c,     0x0018,     0x0024,     0x0030,     0x003c,     0x0048,     0x0054,
	    0x0060,     0x006c,     0x0078,     0x0084,     0x0090,     0x009c,     0x00a8,     0x00b4,
	    0x00c0,     0x00cc,     0x00d8,     0x00e4,     0x00f0,     0x00fc,     0x0108,     0x0114,
	    0x0120,     0x012c,     0x0138,     0x0144,     0x0150,     0x015c,     0x0168,     0x0174,
	    0x0180,     0x018c,     0x0198,     0x01a4,     0x01b0,     0x01bc,     0x01c8,     0x01d4,
	    0x01e0,     0x01ec,     0x01f8,     0x0204,     0x0210,     0x021c,     0x0228,     0x0234,
	    0x0240,     0x024c,     0x0258,     0x0264,     0x0270,     0x027c,     0x0288,     0x0294,
	    0x02a0,     0x02ac,     0x02b8,     0x02c4,     0x02d0,     0x02dc,     0x02e8,     0x02f4,
	    0x0300,     0x030c,     0x0318,     0x0324,     0x0330,     0x033c,     0x0348,     0x0354,
	    0x0360,     0x036c,     0x0378,     0x0384,     0x0390,     0x039c,     0x03a8,     0x03b4,
	    0x03c0,     0x03cc,     0x03d8,     0x03e4,     0x03f0,     0x03fc,     0x0408,     0x0414,
	    0x0420,     0x042c,     0x0438,     0x0444,     0x0450,     0x045c,     0x0468,     0x0474,
};

static uint8_t font_bold_punctuation_glyphs[] = {
	/* 0x2018 '��' */	  3,  2,  1,  5,  6,
			  0xc0, 0xe0, 0x00,
	/* 0x2019 '��' */	  3,  2,  1,  5,  6,
			  0xe0, 0x60, 0x00,
	/* 0x201a '��' */	  4,  2,  0,  2,  6,
			  0x70, 0x30, 0x00,
	/* 0x201b '��' */	  3,  2,  1,  5,  6,
			  0xe0, 0xc0, 0x00,
	/* 0x201c '��' */	  5,  2,  0,  5,  6,
			  0xf0, 0xf8, 0x00,
	/* 0x201d '��' */	  5,  2,  0,  5,  6,
			  0xf8, 0x78, 0x00,
	/* 0x201e '��' */	  5,  2,  0,  2,  6,
			  0xf8, 0x78, 0x00,
	/* 0x201f '��' */	  5,  2,  0,  5,  6,
			  0xf8, 0xf0, 0x00,
	/* 0x2022 '��' */	  3,  2,  1,  3,  6,
			  0xe0, 0xe0, 0x00,
	/* 0x2023 '��' */	  3,  3,  1,  4,  6,
			  0xc0, 0xe0, 0xc0,
	/* 0x2024 '��' */	  4,  1,  0,  1,  6,
			  0x30, 0x00, 0x00,
	/* 0x2025 '��' */	  5,  1,  0,  1,  6,
			  0x78, 0x00, 0x00,
	/* 0x2026 '��' */	  5,  1,  0,  1,  6,
			  0xfc, 0x00, 0x00,
	/* 0x2027 '��' */	  3,  1,  1,  3,  6,
			  0xe0, 0x00, 0x00,
	/* 0x2030 '��' */	  5,  5,  0,  5,  6,
			  0xd8, 0x18, 0x70, 0xc0, 0xf8, 0x00, 0x00,
	/* 0x2031 '��' */	  5,  5,  0,  5,  6,
			  0xd8, 0x18, 0x70, 0xc0, 0xfc, 0x00, 0x00,
	/* 0x2032 '��' */	  3,  2,  1,  5,  6,
			  0x60, 0xc0, 0x00,
	/* 0x2033 '��' */	  5,  2,  0,  5,  6,
			  0x78, 0xf0, 0x00,
	/* 0x2034 '��' */	  5,  2,  0,  5,  6,
			  0x78, 0xf0, 0x00,
	/* 0x2035 '��' */	  3,  2,  1,  5,  6,
			  0xc0, 0x60, 0x00,
	/* 0x2036 '��' */	  5,  2,  0,  5,  6,
			  0xf0, 0x78, 0x00,
	/* 0x2037 '��' */	  5,  2,  0,  5,  6,
			  0xf0, 0x78, 0x00,

};

static gp_glyph_offset font_bold_punctuation_offsets[] = {
	    0x0000,     0x0008,     0x0010,     0x0018,     0x0020,     0x0028,     0x0030,     0x0038,
	GP_NOGLYPH, GP_NOGLYPH,     0x0040,     0x0048,     0x0050,     0x0058,     0x0060,     0x0068,
	GP_NOGLYPH, GP_NOGLYPH, GP_NOGLYPH, GP_NOGLYPH, GP_NOGLYPH, GP_NOGLYPH, GP_NOGLYPH, GP_NOGLYPH,
	    0x0070,     0x007c,     0x0088,     0x0090,     0x0098,     0x00a0,     0x00a8,     0x00b0,
};

static uint8_t font_bold_subsuper_glyphs[] = {
	/* 0x2070 '��' */	  4,  4,  1,  5,  6,
			  0x60, 0xf0, 0xf0, 0x60, 0x00, 0x00, 0x00,
	/* 0x2071 '��' */	  2,  4,  2,  5,  6,
			  0xc0, 0x00, 0xc0, 0xc0, 0x00, 0x00, 0x00,
	/* 0x2074 '��' */	  4,  4,  1,  5,  6,
			  0x60, 0xe0, 0xf0, 0x60, 0x00, 0x00, 0x00,
	/* 0x2075 '��' */	  4,  4,  1,  5,  6,
			  0xf0, 0xe0, 0x30, 0xf0, 0x00, 0x00, 0x00,
	/* 0x2076 '��' */	  4,  4,  1,  5,  6,
			  0x60, 0xc0, 0xf0, 0x60, 0x00, 0x00, 0x00,
	/* 0x2077 '��' */	  4,  4,  1,  5,  6,
			  0xf0, 0x30, 0x60, 0x60, 0x00, 0x00, 0x00,
	/* 0x2078 '��' */	  4,  4,  1,  5,  6,
			  0x60, 0xf0, 0xf0, 0x60, 0x00, 0x00, 0x00,
	/* 0x2079 '��' */	  4,  4,  1,  5,  6,
			  0x60, 0xf0, 0x30, 0x60, 0x00, 0x00, 0x00,
	/* 0x207a '��' */	  4,  3,  1,  5,  6,
			  0x60, 0xf0, 0x60,
	/* 0x207b '��' */	  4,  1,  1,  4,  6,
			  0xf0, 0x00, 0x00,
	/* 0x207c '��' */	  4,  3,  1,  5,  6,
			  0xf0, 0x00, 0xf0,
	/* 0x207d '��' */	  3,  4,  1,  5,  6,
			  0x60, 0xc0, 0xc0, 0x60, 0x00, 0x00, 0x00,
	/* 0x207e '��' */	  3,  4,  1,  5,  6,
			  0xc0, 0x60, 0x60, 0xc0, 0x00, 0x00, 0x00,
	/* 0x207f '��' */	  4,  4,  1,  5,  6,
			  0xe0, 0xf0, 0xf0, 0xf0, 0x00, 0x00, 0x00,
	/* 0x2080 '' */	  4,  4,  1,  3,  6,
			  0x60, 0xf0, 0xf0, 0x60, 0x00, 0x00, 0x00,
	/* 0x2081 '' */	  4,  4,  1,  3,  6,
			  0x60, 0xe0, 0x60, 0xf0, 0x00, 0x00, 0x00,
	/* 0x2082 '' */	  4,  4,  1,  3,  6,
			  0x60, 0x30, 0x60, 0xf0, 0x00, 0x00, 0x00,
	/* 0x2083 '' */	  4,  4,  1,  3,  6,
			  0xe0, 0x70, 0x30, 0xe0, 0x00, 0x00, 0x00,
	/* 0x2084 '' */	  4,  4,  1,  3,  6,
			  0x60, 0xe0, 0xf0, 0x60, 0x00, 0x00, 0x00,
	/* 0x2085 '' */	  4,  4,  1,  3,  6,
			  0xf0, 0xe0, 0x30, 0xf0, 0x00, 0x00, 0x00,
	/* 0x2086 '' */	  4,  4,  1,  3,  6,
			  0x60, 0xc0, 0xf0, 0x60, 0x00, 0x00, 0x00,
	/* 0x2087 '' */	  4,  4,  1,  3,  6,
			  0xf0, 0x30, 0x60, 0x60, 0x00, 0x00, 0x00,
	/* 0x2088 '' */	  4,  4,  1,  3,  6,
			  0x60, 0xf0, 0xf0, 0x60, 0x00, 0x00, 0x00,
	/* 0x2089 '' */	  4,  4,  1,  3,  6,
			  0x60, 0xf0, 0x30, 0x60, 0x00, 0x00, 0x00,
	/* 0x208a '' */	  5,  3,  0,  2,  6,
			  0x30, 0x78, 0x30,
	/* 0x208b '' */	  5,  1,  0,  1,  6,
			  0x78, 0x00, 0x00,
	/* 0x208c '' */	  5,  3,  0,  2,  6,
			  0x78, 0x00, 0x78,
	/* 0x208d '' */	  3,  4,  1,  3,  6,
			  0x60, 0xc0, 0xc0, 0x60, 0x00, 0x00, 0x00,
	/* 0x208e '' */	  4,  4,  0,  3,  6,
			  0x60, 0x30, 0x30, 0x60, 0x00, 0x00, 0x00,

};

static gp_glyph_offset font_bold_subsuper_offsets[] = {
	    0x0000,     0x000c, GP_NOGLYPH, GP_NOGLYPH,     0x0018,     0x0024,     0x0030,     0x003c,
	    0x0048,     0x0054,     0x0060,     0x0068,     0x0070,     0x0078,     0x0084,     0x0090,
	    0x009c,     0x00a8,     0x00b4,     0x00c0,     0x00cc,     0x00d8,     0x00e4,     0x00f0,
	    0x00fc,     0x0108,     0x0114,     0x011c,     0x0124,     0x012c,     0x0138, 
};

static uint8_t font_bold_arrows_glyphs[] = {
	/* 0x2190 'Ɛ' */	  5,  3,  0,  4,  6,
			  0x60, 0xfc, 0x60,
	/* 0x2191 'Ƒ' */	  4,  5,  1,  5,  6,
			  0x60, 0xf0, 0x60, 0x60, 0x60, 0x00, 0x00,
	/* 0x2192 'ƒ' */	  5,  3,  0,  4,  6,
			  0x18, 0xfc, 0x18,
	/* 0x2193 'Ɠ' */	  5,  5,  0,  5,  6,
			  0x30, 0x30, 0x30, 0x78, 0x30, 0x00, 0x00,
	/* 0x2194 'Ɣ' */	  5,  3,  0,  4,  6,
			  0x78, 0xfc, 0x78,
	/* 0x2195 'ƕ' */	  5,  5,  0,  5,  6,
			  0x30, 0x78, 0x30, 0x78, 0x30, 0x00, 0x00,
	/* 0x2196 'Ɩ' */	  5,  5,  0,  5,  6,
			  0xf0, 0xe0, 0xf0, 0x18, 0x0c, 0x00, 0x00,
	/* 0x2197 'Ɨ' */	  5,  5,  0,  5,  6,
			  0x3c, 0x1c, 0x3c, 0x60, 0xc0, 0x00, 0x00,
	/* 0x2198 'Ƙ' */	  5,  5,  0,  5,  6,
			  0xc0, 0x60, 0x3c, 0x1c, 0x3c, 0x00, 0x00,
	/* 0x2199 'ƙ' */	  5,  5,  0,  5,  6,
			  0x0c, 0x18, 0xf0, 0xe0, 0xf0, 0x00, 0x00,
	/* 0x21b5 'Ƶ' */	  5,  4,  0,  5,  6,
			  0x0c, 0x6c, 0xfc, 0x60, 0x00, 0x00, 0x00,
	/* 0x21ba 'ƺ' */	  5,  5,  0,  5,  6,
			  0x3c, 0xf8, 0xfc, 0xcc, 0x78, 0x00, 0x00,
	/* 0x21bb 'ƻ' */	  5,  5,  0,  5,  6,
			  0xf0, 0x7c, 0xfc, 0xcc, 0x78, 0x00, 0x00,
	/* 0x21bc 'Ƽ' */	  5,  2,  0,  4,  6,
			  0x60, 0xfc, 0x00,
	/* 0x21bd 'ƽ' */	  5,  2,  0,  3,  6,
			  0xfc, 0x60, 0x00,
	/* 0x21be 'ƾ' */	  3,  5,  2,  5,  6,
			  0xc0, 0xe0, 0xc0, 0xc0, 0xc0, 0x00, 0x00,
	/* 0x21bf 'ƿ' */	  4,  5,  0,  5,  6,
			  0x30, 0x70, 0x30, 0x30, 0x30, 0x00, 0x00,
	/* 0x21c4 'Ǆ' */	  5,  5,  0,  5,  6,
			  0x18, 0xfc, 0x78, 0xfc, 0x60, 0x00, 0x00,
	/* 0x21d0 'ǐ' */	  5,  5,  0,  5,  6,
			  0x30, 0x7c, 0xc0, 0x7c, 0x30, 0x00, 0x00,
	/* 0x21d1 'Ǒ' */	  5,  5,  0,  5,  6,
			  0x30, 0x78, 0xfc, 0x78, 0x78, 0x00, 0x00,
	/* 0x21d2 'ǒ' */	  5,  5,  0,  5,  6,
			  0x30, 0xf8, 0x0c, 0xf8, 0x30, 0x00, 0x00,
	/* 0x21d3 'Ǔ' */	  5,  5,  0,  5,  6,
			  0x78, 0x78, 0xfc, 0x78, 0x30, 0x00, 0x00,
	/* 0x21d4 'ǔ' */	  5,  5,  0,  5,  6,
			  0x30, 0x78, 0xcc, 0x78, 0x30, 0x00, 0x00,
	/* 0x21d5 'Ǖ' */	  5,  5,  0,  5,  6,
			  0x30, 0x78, 0xfc, 0x78, 0x30, 0x00, 0x00,

};

static gp_glyph_offset font_bold_arrows_offsets[] = {
	    0x0000,     0x0008,     0x0014,     0x001c,     0x0028,     0x0030,     0x003c,     0x0048,
	    0x0054,     0x0060, GP_NOGLYPH, GP_NOGLYPH, GP_NOGLYPH, GP_NOGLYPH, GP_NOGLYPH, GP_NOGLYPH,
	GP_NOGLYPH, GP_NOGLYPH, GP_NOGLYPH, GP_NOGLYPH, GP_NOGLYPH, GP_NOGLYPH, GP_NOGLYPH, GP_NOGLYPH,
	GP_NOGLYPH, GP_NOGLYPH, GP_NOGLYPH, GP_NOGLYPH, GP_NOGLYPH, GP_NOGLYPH, GP_NOGLYPH, GP_NOGLYPH,
	GP_NOGLYPH, GP_NOGLYPH, GP_NOGLYPH, GP_NOGLYPH, GP_NOGLYPH,     0x006c, GP_NOGLYPH, GP_NOGLYPH,
	GP_NOGLYPH, GP_NOGLYPH,     0x0078,     0x0084,     0x0090,     0x0098,     0x00a0,     0x00ac,
	GP_NOGLYPH, GP_NOGLYPH, GP_NOGLYPH, GP_NOGLYPH,     0x00b8, GP_NOGLYPH, GP_NOGLYPH, GP_NOGLYPH,
	GP_NOGLYPH, GP_NOGLYPH, GP_NOGLYPH, GP_NOGLYPH, GP_NOGLYPH, GP_NOGLYPH, GP_NOGLYPH, GP_NOGLYPH,
	    0x00c4,     0x00d0,     0x00dc,     0x00e8,     0x00f4,     0x0100, GP_NOGLYPH, GP_NOGLYPH,
	GP_NOGLYPH, GP_NOGLYPH, GP_NOGLYPH, GP_NOGLYPH, GP_NOGLYPH, GP_NOGLYPH, GP_NOGLYPH, GP_NOGLYPH,
	GP_NOGLYPH, GP_NOGLYPH, GP_NOGLYPH, GP_NOGLYPH, GP_NOGLYPH, GP_NOGLYPH, GP_NOGLYPH, GP_NOGLYPH,
	GP_NOGLYPH, GP_NOGLYPH, GP_NOGLYPH, GP_NOGLYPH, GP_NOGLYPH, GP_NOGLYPH, GP_NOGLYPH, GP_NOGLYPH,
	GP_NOGLYPH, GP_NOGLYPH, GP_NOGLYPH, GP_NOGLYPH, GP_NOGLYPH, GP_NOGLYPH, GP_NOGLYPH, GP_NOGLYPH,
	GP_NOGLYPH, GP_NOGLYPH, GP_NOGLYPH, GP_NOGLYPH, GP_NOGLYPH, GP_NOGLYPH, GP_NOGLYPH, GP_NOGLYPH,
};

static uint8_t font_bold_box_glyphs[] = {
	/* 0x2500 'Ԁ' */	  5,  1,  0,  2,  6,
			  0xfc, 0x00, 0x00,
	/* 0x2501 'ԁ' */	  5,  3,  0,  3,  6,
			  0xfc, 0xfc, 0xfc,
	/* 0x2502 'Ԃ' */	  4,  7,  0,  5,  6,
			  0x30, 0x30, 0x30, 0x30, 0x30, 0x30, 0x30,
	/* 0x2503 'ԃ' */	  5,  7,  0,  5,  6,
			  0x78, 0x78, 0x78, 0x78, 0x78, 0x78, 0x78,
	/* 0x2504 'Ԅ' */	  5,  1,  0,  2,  6,
			  0xfc, 0x00, 0x00,
	/* 0x2505 'ԅ' */	  5,  3,  0,  3,  6,
			  0xfc, 0xfc, 0xfc,
	/* 0x2506 'Ԇ' */	  4,  7,  0,  5,  6,
			  0x30, 0x30, 0x00, 0x30, 0x00, 0x30, 0x30,
	/* 0x2507 'ԇ' */	  4,  7,  1,  5,  6,
			  0xf0, 0xf0, 0x00, 0xf0, 0x00, 0xf0, 0xf0,
	/* 0x2508 'Ԉ' */	  5,  1,  0,  2,  6,
			  0xfc, 0x00, 0x00,
	/* 0x2509 'ԉ' */	  5,  3,  0,  3,  6,
			  0xfc, 0xfc, 0xfc,
	/* 0x250a 'Ԋ' */	  4,  7,  0,  5,  6,
			  0x30, 0x00, 0x30, 0x00, 0x30, 0x00, 0x30,
	/* 0x250b 'ԋ' */	  4,  7,  1,  5,  6,
			  0xf0, 0x00, 0xf0, 0x00, 0xf0, 0x00, 0xf0,
	/* 0x250c 'Ԍ' */	  5,  4,  0,  2,  6,
			  0x3c, 0x30, 0x30, 0x30, 0x00, 0x00, 0x00,
	/* 0x250d 'ԍ' */	  5,  5,  0,  3,  6,
			  0x3c, 0x3c, 0x3c, 0x30, 0x30, 0x00, 0x00,
	/* 0x250e 'Ԏ' */	  5,  4,  0,  2,  6,
			  0x7c, 0x78, 0x78, 0x78, 0x00, 0x00, 0x00,
	/* 0x250f 'ԏ' */	  5,  5,  0,  3,  6,
			  0x7c, 0x7c, 0x7c, 0x78, 0x78, 0x00, 0x00,
	/* 0x2510 'Ԑ' */	  4,  4,  0,  2,  6,
			  0xf0, 0x30, 0x30, 0x30, 0x00, 0x00, 0x00,
	/* 0x2511 'ԑ' */	  4,  5,  0,  3,  6,
			  0xf0, 0xf0, 0xf0, 0x30, 0x30, 0x00, 0x00,
	/* 0x2512 'Ԓ' */	  5,  4,  0,  2,  6,
			  0xf8, 0x78, 0x78, 0x78, 0x00, 0x00, 0x00,
	/* 0x2513 'ԓ' */	  5,  5,  0,  3,  6,
			  0xf8, 0xf8, 0xf8, 0x78, 0x78, 0x00, 0x00,
	/* 0x2514 'Ԕ' */	  4,  4,  2,  5,  6,
			  0xc0, 0xc0, 0xc0, 0xf0, 0x00, 0x00, 0x00,
	/* 0x2515 'ԕ' */	  4,  5,  2,  5,  6,
			  0xc0, 0xc0, 0xf0, 0xf0, 0xf0, 0x00, 0x00,
	/* 0x2516 'Ԗ' */	  5,  4,  1,  5,  6,
			  0xf0, 0xf0, 0xf0, 0xf8, 0x00, 0x00, 0x00,
	/* 0x2517 'ԗ' */	  5,  5,  1,  5,  6,
			  0xf0, 0xf0, 0xf8, 0xf8, 0xf8, 0x00, 0x00,
	/* 0x2518 'Ԙ' */	  4,  4,  0,  5,  6,
			  0x30, 0x30, 0x30, 0xf0, 0x00, 0x00, 0x00,
	/* 0x2519 'ԙ' */	  4,  5,  0,  5,  6,
			  0x30, 0x30, 0xf0, 0xf0, 0xf0, 0x00, 0x00,
	/* 0x251a 'Ԛ' */	  5,  4,  0,  5,  6,
			  0x78, 0x78, 0x78, 0xf8, 0x00, 0x00, 0x00,
	/* 0x251b 'ԛ' */	  5,  5,  0,  5,  6,
			  0x78, 0x78, 0xf8, 0xf8, 0xf8, 0x00, 0x00,
	/* 0x251c 'Ԝ' */	  5,  7,  0,  5,  6,
			  0x30, 0x30, 0x30, 0x3c, 0x30, 0x30, 0x30,
	/* 0x251d 'ԝ' */	  5,  7,  0,  5,  6,
			  0x30, 0x30, 0x3c, 0x3c, 0x3c, 0x30, 0x30,
	/* 0x251e 'Ԟ' */	  5,  7,  0,  5,  6,
			  0x78, 0x78, 0x78, 0x7c, 0x30, 0x30, 0x30,
	/* 0x251f 'ԟ' */	  5,  7,  1,  5,  6,
			  0x60, 0x60, 0x60, 0xf8, 0xf0, 0xf0, 0xf0,
	/* 0x2520 'Ԡ' */	  5,  7,  0,  5,  6,
			  0x78, 0x78, 0x78, 0x7c, 0x78, 0x78, 0x78,
	/* 0x2521 'ԡ' */	  5,  7,  1,  5,  6,
			  0xf0, 0xf0, 0xf8, 0xf8, 0xf8, 0x60, 0x60,
	/* 0x2522 'Ԣ' */	  5,  7,  0,  5,  6,
			  0x30, 0x30, 0x7c, 0x7c, 0x7c, 0x78, 0x78,
	/* 0x2523 'ԣ' */	  5,  7,  0,  5,  6,
			  0x78, 0x78, 0x7c, 0x7c, 0x7c, 0x78, 0x78,
	/* 0x2524 'Ԥ' */	  4,  7,  0,  5,  6,
			  0x30, 0x30, 0x30, 0xf0, 0x30, 0x30, 0x30,
	/* 0x2525 'ԥ' */	  4,  7,  0,  5,  6,
			  0x30, 0x30, 0xf0, 0xf0, 0xf0, 0x30, 0x30,
	/* 0x2526 'Ԧ' */	  5,  7,  0,  5,  6,
			  0x78, 0x78, 0x78, 0xf8, 0x30, 0x30, 0x30,
	/* 0x2527 'ԧ' */	  5,  7,  0,  5,  6,
			  0x30, 0x30, 0x30, 0xf8, 0x78, 0x78, 0x78,
	/* 0x2528 'Ԩ' */	  5,  7,  0,  5,  6,
			  0x78, 0x78, 0x78, 0xf8, 0x78, 0x78, 0x78,
	/* 0x2529 'ԩ' */	  5,  7,  0,  5,  6,
			  0x78, 0x78, 0xf8, 0xf8, 0xf8, 0x30, 0x30,
	/* 0x252a 'Ԫ' */	  5,  7,  0,  5,  6,
			  0x30, 0x30, 0xf8, 0xf8, 0xf8, 0x78, 0x78,
	/* 0x252b 'ԫ' */	  5,  7,  0,  5,  6,
			  0x78, 0x78, 0xf8, 0xf8, 0xf8, 0x78, 0x78,
	/* 0x252c 'Ԭ' */	  5,  4,  0,  2,  6,
			  0xfc, 0x30, 0x30, 0x30, 0x00, 0x00, 0x00,
	/* 0x252d 'ԭ' */	  5,  5,  0,  3,  6,
			  0xf0, 0xfc, 0xf0, 0x30, 0x30, 0x00, 0x00,
	/* 0x252e 'Ԯ' */	  5,  5,  0,  3,  6,
			  0x3c, 0xfc, 0x3c, 0x30, 0x30, 0x00, 0x00,
	/* 0x252f 'ԯ' */	  5,  5,  0,  3,  6,
			  0xfc, 0xfc, 0xfc, 0x30, 0x30, 0x00, 0x00,
	/* 0x2530 '԰' */	  5,  4,  0,  2,  6,
			  0xfc, 0x78, 0x78, 0x78, 0x00, 0x00, 0x00,
	/* 0x2531 'Ա' */	  5,  5,  0,  3,  6,
			  0xf8, 0xfc, 0xf8, 0x78, 0x78, 0x00, 0x00,
	/* 0x2532 'Բ' */	  5,  5,  0,  3,  6,
			  0x7c, 0xfc, 0x7c, 0x78, 0x78, 0x00, 0x00,
	/* 0x2533 'Գ' */	  5,  5,  0,  3,  6,
			  0xfc, 0xfc, 0xfc, 0x78, 0x78, 0x00, 0x00,
	/* 0x2534 'Դ' */	  5,  4,  0,  5,  6,
			  0x30, 0x30, 0x30, 0xfc, 0x00, 0x00, 0x00,
	/* 0x2535 'Ե' */	  5,  5,  0,  5,  6,
			  0x30, 0x30, 0xf0, 0xfc, 0xf0, 0x00, 0x00,
	/* 0x2536 'Զ' */	  5,  5,  0,  5,  6,
			  0x30, 0x30, 0x3c, 0xfc, 0x3c, 0x00, 0x00,
	/* 0x2537 'Է' */	  5,  5,  0,  5,  6,
			  0x30, 0x30, 0xfc, 0xfc, 0xfc, 0x00, 0x00,
	/* 0x2538 'Ը' */	  5,  4,  0,  5,  6,
			  0x78, 0x78, 0x78, 0xfc, 0x00, 0x00, 0x00,
	/* 0x2539 'Թ' */	  5,  5,  0,  5,  6,
			  0x78, 0x78, 0xf8, 0xfc, 0xf8, 0x00, 0x00,
	/* 0x253a 'Ժ' */	  5,  5,  0,  5,  6,
			  0x78, 0x78, 0x7c, 0xfc, 0x7c, 0x00, 0x00,
	/* 0x253b 'Ի' */	  5,  5,  0,  5,  6,
			  0x78, 0x78, 0xfc, 0xfc, 0xfc, 0x00, 0x00,
	/* 0x253c 'Լ' */	  5,  7,  0,  5,  6,
			  0x30, 0x30, 0x30, 0xfc, 0x30, 0x30, 0x30,
	/* 0x253d 'Խ' */	  5,  7,  0,  5,  6,
			  0x30, 0x30, 0xf0, 0xfc, 0xf0, 0x30, 0x30,
	/* 0x253e 'Ծ' */	  5,  7,  0,  5,  6,
			  0x30, 0x30, 0x3c, 0xfc, 0x3c, 0x30, 0x30,
	/* 0x253f 'Կ' */	  5,  7,  0,  5,  6,
			  0x30, 0x30, 0xfc, 0xfc, 0xfc, 0x30, 0x30,
	/* 0x2540 'Հ' */	  5,  7,  0,  5,  6,
			  0x78, 0x78, 0x78, 0xfc, 0x30, 0x30, 0x30,
	/* 0x2541 'Ձ' */	  5,  7,  0,  5,  6,
			  0x30, 0x30, 0x30, 0xfc, 0x78, 0x78, 0x78,
	/* 0x2542 'Ղ' */	  5,  7,  0,  5,  6,
			  0x78, 0x78, 0x78, 0xfc, 0x78, 0x78, 0x78,
	/* 0x2543 'Ճ' */	  5,  7,  0,  5,  6,
			  0x78, 0x78, 0xf8, 0xfc, 0xf8, 0x30, 0x30,
	/* 0x2544 'Մ' */	  5,  7,  0,  5,  6,
			  0x78, 0x78, 0x7c, 0xfc, 0x7c, 0x30, 0x30,
	/* 0x2545 'Յ' */	  5,  7,  0,  5,  6,
			  0x30, 0x30, 0xf8, 0xfc, 0xf8, 0x78, 0x78,
	/* 0x2546 'Ն' */	  5,  7,  0,  5,  6,
			  0x30, 0x30, 0x7c, 0xfc, 0x7c, 0x78, 0x78,
	/* 0x2547 'Շ' */	  5,  7,  0,  5,  6,
			  0x78, 0x78, 0xfc, 0xfc, 0xfc, 0x30, 0x30,
	/* 0x2548 'Ո' */	  5,  7,  0,  5,  6,
			  0x30, 0x30, 0xfc, 0xfc, 0xfc, 0x78, 0x78,
	/* 0x2549 'Չ' */	  5,  7,  0,  5,  6,
			  0x78, 0x78, 0xf8, 0xfc, 0xf8, 0x78, 0x78,
	/* 0x254a 'Պ' */	  5,  7,  0,  5,  6,
			  0x78, 0x78, 0x7c, 0xfc, 0x7c, 0x78, 0x78,
	/* 0x254b 'Ջ' */	  5,  7,  0,  5,  6,
			  0x78, 0x78, 0xfc, 0xfc, 0xfc, 0x78, 0x78,
	/* 0x254c 'Ռ' */	  5,  1,  0,  2,  6,
			  0xfc, 0x00, 0x00,
	/* 0x254d 'Ս' */	  5,  3,  0,  3,  6,
			  0xfc, 0xfc, 0xfc,
	/* 0x254e 'Վ' */	  2,  7,  2,  5,  6,
			  0xc0, 0xc0, 0xc0, 0x00, 0xc0, 0xc0, 0xc0,
	/* 0x254f 'Տ' */	  5,  7,  0,  5,  6,
			  0x78, 0x78, 0x78, 0x00, 0x78, 0x78, 0x78,
	/* 0x2550 'Ր' */	  5,  3,  0,  3,  6,
			  0xfc, 0x00, 0xfc,
	/* 0x2551 'Ց' */	  5,  7,  0,  5,  6,
			  0x78, 0x78, 0x78, 0x78, 0x78, 0x78, 0x78,
	/* 0x2552 'Ւ' */	  5,  5,  0,  3,  6,
			  0x3c, 0x30, 0x3c, 0x30, 0x30, 0x00, 0x00,
	/* 0x2553 'Փ' */	  5,  4,  0,  2,  6,
			  0x7c, 0x78, 0x78, 0x78, 0x00, 0x00, 0x00,
	/* 0x2554 'Ք' */	  5,  5,  0,  3,  6,
			  0x7c, 0x60, 0x7c, 0x78, 0x78, 0x00, 0x00,
	/* 0x2555 'Օ' */	  4,  5,  0,  3,  6,
			  0xf0, 0x30, 0xf0, 0x30, 0x30, 0x00, 0x00,
	/* 0x2556 'Ֆ' */	  5,  4,  0,  2,  6,
			  0xf8, 0x78, 0x78, 0x78, 0x00, 0x00, 0x00,
	/* 0x2557 '՗' */	  5,  5,  0,  3,  6,
			  0xf8, 0x18, 0xf8, 0x78, 0x78, 0x00, 0x00,
	/* 0x2558 '՘' */	  5,  5,  0,  5,  6,
			  0x30, 0x30, 0x3c, 0x30, 0x3c, 0x00, 0x00,
	/* 0x2559 'ՙ' */	  5,  4,  1,  5,  6,
			  0xf0, 0xf0, 0xf0, 0xf8, 0x00, 0x00, 0x00,
	/* 0x255a '՚' */	  5,  5,  1,  5,  6,
			  0xf0, 0xf0, 0xf8, 0xc0, 0xf8, 0x00, 0x00,
	/* 0x255b '՛' */	  4,  5,  0,  5,  6,
			  0x30, 0x30, 0xf0, 0x30, 0xf0, 0x00, 0x00,
	/* 0x255c '՜' */	  5,  4,  0,  5,  6,
			  0x78, 0x78, 0x78, 0xf8, 0x00, 0x00, 0x00,
	/* 0x255d '՝' */	  5,  5,  0,  5,  6,
			  0x78, 0x78, 0xf8, 0x18, 0xf8, 0x00, 0x00,
	/* 0x255e '՞' */	  4,  7,  2,  5,  6,
			  0xc0, 0xc0, 0xf0, 0xc0, 0xf0, 0xc0, 0xc0,
	/* 0x255f '՟' */	  5,  7,  1,  5,  6,
			  0xf0, 0xf0, 0xf0, 0xf8, 0xf0, 0xf0, 0xf0,
	/* 0x2560 'ՠ' */	  5,  7,  0,  5,  6,
			  0x78, 0x78, 0x7c, 0x60, 0x7c, 0x78, 0x78,
	/* 0x2561 'ա' */	  4,  7,  0,  5,  6,
			  0x30, 0x30, 0xf0, 0x30, 0xf0, 0x30, 0x30,
	/* 0x2562 'բ' */	  5,  7,  0,  5,  6,
			  0x78, 0x78, 0x78, 0xf8, 0x78, 0x78, 0x78,
	/* 0x2563 'գ' */	  5,  7,  0,  5,  6,
			  0x78, 0x78, 0xf8, 0x18, 0xf8, 0x78, 0x78,
	/* 0x2564 'դ' */	  5,  5,  0,  3,  6,
			  0xfc, 0x00, 0xfc, 0x30, 0x30, 0x00, 0x00,
	/* 0x2565 'ե' */	  5,  4,  0,  2,  6,
			  0xfc, 0x78, 0x78, 0x78, 0x00, 0x00, 0x00,
	/* 0x2566 'զ' */	  5,  5,  0,  3,  6,
			  0xfc, 0x00, 0xfc, 0x78, 0x78, 0x00, 0x00,
	/* 0x2567 'է' */	  5,  5,  0,  5,  6,
			  0x30, 0x30, 0xfc, 0x00, 0xfc, 0x00, 0x00,
	/* 0x2568 'ը' */	  5,  4,  0,  5,  6,
			  0x78, 0x78, 0x78, 0xfc, 0x00, 0x00, 0x00,
	/* 0x2569 'թ' */	  5,  5,  0,  5,  6,
			  0x78, 0x78, 0xfc, 0x00, 0xfc, 0x00, 0x00,
	/* 0x256a 'ժ' */	  5,  7,  0,  5,  6,
			  0x30, 0x30, 0xfc, 0x00, 0xfc, 0x30, 0x30,
	/* 0x256b 'ի' */	  5,  7,  0,  5,  6,
			  0x78, 0x78, 0x78, 0xfc, 0x78, 0x78, 0x78,
	/* 0x256c 'լ' */	  5,  7,  0,  5,  6,
			  0x78, 0x78, 0xfc, 0x00, 0xfc, 0x78, 0x78,
	/* 0x256d 'խ' */	  5,  4,  0,  2,  6,
			  0x1c, 0x30, 0x30, 0x30, 0x00, 0x00, 0x00,
	/* 0x256e 'ծ' */	  4,  4,  0,  2,  6,
			  0xe0, 0x30, 0x30, 0x30, 0x00, 0x00, 0x00,
	/* 0x256f 'կ' */	  4,  4,  0,  5,  6,
			  0x30, 0x30, 0x30, 0xe0, 0x00, 0x00, 0x00,
	/* 0x2570 'հ' */	  4,  4,  2,  5,  6,
			  0xc0, 0xc0, 0xc0, 0x70, 0x00, 0x00, 0x00,
	/* 0x2571 'ձ' */	  5,  7,  0,  5,  6,
			  0x0c, 0x18, 0x18, 0x30, 0x60, 0x60, 0xc0,
	/* 0x2572 'ղ' */	  5,  7,  0,  5,  6,
			  0xc0, 0x60, 0x60, 0x30, 0x18, 0x18, 0x0c,
	/* 0x2573 'ճ' */	  5,  7,  0,  5,  6,
			  0xcc, 0x78, 0x78, 0x30, 0x78, 0x78, 0xcc,
	/* 0x2574 'մ' */	  4,  1,  0,  2,  6,
			  0xf0, 0x00, 0x00,
	/* 0x2575 'յ' */	  2,  4,  2,  5,  6,
			  0xc0, 0xc0, 0xc0, 0xc0, 0x00, 0x00, 0x00,
	/* 0x2576 'ն' */	  4,  1,  2,  2,  6,
			  0xf0, 0x00, 0x00,
	/* 0x2577 'շ' */	  4,  4,  0,  2,  6,
			  0x30, 0x30, 0x30, 0x30, 0x00, 0x00, 0x00,
	/* 0x2578 'ո' */	  4,  3,  0,  3,  6,
			  0xf0, 0xf0, 0xf0,
	/* 0x2579 'չ' */	  4,  4,  1,  5,  6,
			  0xf0, 0xf0, 0xf0, 0xf0, 0x00, 0x00, 0x00,
	/* 0x257a 'պ' */	  5,  3,  0,  3,  6,
			  0x3c, 0x3c, 0x3c,
	/* 0x257b 'ջ' */	  5,  4,  0,  2,  6,
			  0x78, 0x78, 0x78, 0x78, 0x00, 0x00, 0x00,
	/* 0x257c 'ռ' */	  5,  3,  0,  3,  6,
			  0x3c, 0xfc, 0x3c,
	/* 0x257d 'ս' */	  5,  7,  0,  5,  6,
			  0x30, 0x30, 0x30, 0x78, 0x78, 0x78, 0x78,
	/* 0x257e 'վ' */	  5,  3,  0,  3,  6,
			  0xf0, 0xfc, 0xf0,
	/* 0x257f 'տ' */	  4,  7,  1,  5,  6,
			  0xf0, 0xf0, 0xf0, 0xf0, 0x60, 0x60, 0x60,

};

static gp_glyph_offset font_bold_box_offsets[] = {
	    0x0000,     0x0008,     0x0010,     0x001c,     0x0028,     0x0030,     0x0038,     0x0044,
	    0x0050,     0x0058,     0x0060,     0x006c,     0x0078,     0x0084,     0x0090,     0x009c,
	    0x00a8,     0x00b4,     0x00c0,     0x00cc,     0x00d8,     0x00e4,     0x00f0,     0x00fc,
	    0x0108,     0x0114,     0x0120,     0x012c,     0x0138,     0x0144,     0x0150,     0x015c,
	    0x0168,     0x0174,     0x0180,     0x018c,     0x0198,     0x01a4,     0x01b0,     0x01bc,
	    0x01c8,     0x01d4,     0x01e0,     0x01ec,     0x01f8,     0x0204,     0x0210,     0x021c,
	    0x0228,     0x0234,     0x0240,     0x024c,     0x0258,     0x0264,     0x0270,     0x027c,
	    0x0288,     0x0294,     0x02a0,     0x02ac,     0x02b8,     0x02c4,     0x02d0,     0x02dc,
	    0x02e8,     0x02f4,     0x0300,     0x030c,     0x0318,     0x0324,     0x0330,     0x033c,
	    0x0348,     0x0354,     0x0360,     0x036c,     0x0378,     0x0380,     0x0388,     0x0394,
	    0x03a0,     0x03a8,     0x03b4,     0x03c0,     0x03cc,     0x03d8,     0x03e4,     0x03f0,
	    0x03fc,     0x0408,     0x0414,     0x0420,     0x042c,     0x0438,     0x0444,     0x0450,
	    0x045c,     0x0468,     0x0474,     0x0480,     0x048c,     0x0498,     0x04a4,     0x04b0,
	    0x04bc,     0x04c8,     0x04d4,     0x04e0,     0x04ec,     0x04f8,     0x0504,     0x0510,
	    0x051c,     0x0528,     0x0534,     0x0540,     0x054c,     0x0554,     0x0560,     0x0568,
	    0x0574,     0x057c,     0x0588,     0x0590,     0x059c,     0x05a4,     0x05b0,     0x05b8,
};

static struct gp_font_face font_bold = {
	.family_name = "haxor_tiny_bold",
	.style = GP_FONT_MONO | GP_FONT_BOLD,
	.ascent = 5,
	.descent = 2,
	.max_glyph_width = 5,
	.max_glyph_advance = 6,
	.em = 12,
	.x_height = 4,
	.cap_height = 5,
	.ch_width = 6,
	.underline_pos = -1,
	.underline_thickness = 1,
	.strike_pos = 2,
	.strike_thickness = 1,
	.glyph_tables = 8,
	.glyphs = {
		{
			.glyphs = font_bold_glyphs,
			.offsets = font_bold_offsets,
			.min_glyph = 0x20,
			.max_glyph = 0x7f,
		},
		{
			.glyphs = font_bold_latin_ext_glyphs,
			.offsets = font_bold_latin_ext_offsets,
			.min_glyph = 0xa1,
			.max_glyph = 0x17e,
		},
		{
			.glyphs = font_bold_greek_glyphs,
			.offsets = font_bold_greek_offsets,
			.min_glyph = 0x384,
			.max_glyph = 0x3ce,
		},
		{
			.glyphs = font_bold_cyrilic_glyphs,
			.offsets = font_bold_cyrilic_offsets,
			.min_glyph = 0x400,
			.max_glyph = 0x45f,
		},
		{
			.glyphs = font_bold_punctuation_glyphs,
			.offsets = font_bold_punctuation_offsets,
			.min_glyph = 0x2018,
			.max_glyph = 0x2037,
		},
		{
			.glyphs = font_bold_subsuper_glyphs,
			.offsets = font_bold_subsuper_offsets,
			.min_glyph = 0x2070,
			.max_glyph = 0x208e,
		},
		{
			.glyphs = font_bold_arrows_glyphs,
			.offsets = font_bold_arrows_offsets,
			.min_glyph = 0x2190,
			.max_glyph = 0x21ff,
		},
		{
			.glyphs = font_bold_box_glyphs,
			.offsets = font_bold_box_offsets,
			.min_glyph = 0x2500,
			.max_glyph = 0x257f,
		},

	}
};

const gp_font_family __attribute__((visibility ("hidden"))) font_family_haxor_tiny = {
	.family_name = "haxor-tiny",
	.ucode_blocks = GP_UCODE_LATIN_BASIC | GP_UCODE_LATIN_SUP | GP_UCODE_LATIN_EXT_A | GP_UCODE_GREEK | GP_UCODE_CYRILIC | GP_UCODE_PUNCTUATION | GP_UCODE_SUB_SUPER | GP_UCODE_ARROWS | GP_UCODE_BOX,
	.fonts = {
		&font,
		&font_bold,
		NULL
	}
};
